file,snr,is_noisy,rms_score,zcr_score,spectral_score,vad_score,whisper_score
1284-1180-0004_mixed_white1_nonwhite4_snr-5.wav,-5,True,0.12039825320243835,0.2038719974347015,0.1760923827863743,0.0,1.1678266983765822
672-122797-0018_mixed_white1_nonwhite4_snr20.wav,20,False,0.025712475180625916,0.22498739919354838,0.08898000993782099,0.16463414634146345,0.43494193694170785
7176-88083-0021_mixed_white1_nonwhite4_snr-5.wav,-5,True,0.14220692217350006,0.32569102950507617,0.3125503149754703,0.0,1.0335728389876229
7021-79730-0008_mixed_white1_nonwhite4_snr20.wav,20,False,0.05555032566189766,0.16612840735394022,0.09194050072114186,0.1428571428571429,0.3131387382745743
7176-88083-0000_mixed_white1_nonwhite4_snr10.wav,10,True,0.07995220273733139,0.21862381495786518,0.14377085982072593,0.08465608465608465,0.449815262447704
6930-75918-0000_mixed_white1_nonwhite4_snr0.wav,0,True,0.03871041536331177,0.29362571022727274,0.21062747824847405,0.14655172413793105,0.8724878643240247
61-70968-0045_mixed_white1_nonwhite4_snr20.wav,20,False,0.041205551475286484,0.15647846186926606,0.0700796806206667,0.23478260869565215,0.4802919365465641
7021-79730-0000_mixed_white1_nonwhite4_snr5.wav,5,True,0.08080768585205078,0.1305169439935065,0.08395641541475896,0.0,0.44182268778483075
1320-122617-0024_mixed_white1_nonwhite4_snr20.wav,20,False,0.06553362309932709,0.11762221453059071,0.04577543633328535,0.08764940239043828,0.20287996399052002
6829-68769-0033_mixed_white1_nonwhite4_snr5.wav,5,True,0.06783483177423477,0.17472330729166666,0.10097204029800462,0.05970149253731338,0.3649590894579887
1995-1837-0004_mixed_white1_nonwhite4_snr15.wav,15,False,0.07276022434234619,0.14077467415201006,0.09261729560352075,0.15094339622641506,0.29600590061057697
4992-23283-0016_mixed_white1_nonwhite4_snr15.wav,15,False,0.032469186931848526,0.17547650709219859,0.07936210168766698,0.1610738255033557,0.361205099357499
5683-32866-0001_mixed_white1_nonwhite4_snr5.wav,5,True,0.06033138930797577,0.26928038990825687,0.18749852992200178,0.0,0.43598624792965973
4077-13751-0007_mixed_white1_nonwhite4_snr-5.wav,-5,True,0.09453118592500687,0.32734139465445267,0.27119350231109013,0.024390243902439046,0.8328757325156791
8463-294825-0015_mixed_white1_nonwhite4_snr0.wav,0,True,0.06523372232913971,0.16673368566176472,0.10721142339421544,0.0,0.9583698619495739
8230-279154-0034_mixed_white1_nonwhite4_snr5.wav,5,True,0.057175975292921066,0.2840473998485683,0.2304946633162299,0.14078674948240166,0.31351880534835486
4970-29093-0010_mixed_white1_nonwhite4_snr-5.wav,-5,True,0.09134817123413086,0.31240715009787473,0.2638181239998832,0.1386554621848739,0.7949900260338416
8224-274384-0007_mixed_white1_nonwhite4_snr5.wav,5,True,0.05952363461256027,0.18635817307692307,0.1567356347659641,0.08212560386473433,0.5897037327289582
4992-23283-0016_mixed_white1_nonwhite4_snr0.wav,0,True,0.05147451162338257,0.2190201130319149,0.14197110528571028,0.01342281879194629,0.7423494552311144
2961-961-0005_mixed_white1_nonwhite4_snr0.wav,0,True,0.043600037693977356,0.20693607653601695,0.16176351432906033,0.18400000000000005,0.616489577293396
672-122797-0028_mixed_white1_nonwhite4_snr-5.wav,-5,True,0.1059323251247406,0.3094452648628049,0.1476408585606465,0.0,0.84147959202528
2961-961-0012_mixed_white1_nonwhite4_snr10.wav,10,True,0.027570780366659164,0.3227287123771499,0.2441091744350419,0.2979214780600462,0.3480109470811757
7127-75947-0039_mixed_white1_nonwhite4_snr0.wav,0,True,0.07473213225603104,0.32701047867063493,0.31456930870911987,0.07164179104477608,0.3493172075690293
2830-3980-0041_mixed_white1_nonwhite4_snr10.wav,10,True,0.06436620652675629,0.26744408700980393,0.16320486209719864,0.23926380368098155,0.30817216985365925
4507-16021-0006_mixed_white1_nonwhite4_snr20.wav,20,False,0.05780492350459099,0.2900094696969697,0.1555306878620609,0.27142857142857146,0.4053104718526204
2094-142345-0008_mixed_white1_nonwhite4_snr0.wav,0,True,0.11044348031282425,0.27989662247474745,0.2380607070897687,0.0,0.38741546392051224
2961-961-0005_mixed_white1_nonwhite4_snr15.wav,15,False,0.027380820363759995,0.2106974973516949,0.09835468405304436,0.33599999999999997,0.3429606755574544
5105-28240-0007_mixed_white1_nonwhite4_snr-5.wav,-5,True,0.14199058711528778,0.20719625538793104,0.13665676758988868,0.0,1.1792942484219868
4507-16021-0006_mixed_white1_nonwhite4_snr0.wav,0,True,0.10032204538583755,0.3310842803030303,0.2869336189797599,0.0,0.9811436384916306
237-126133-0012_mixed_white1_nonwhite4_snr5.wav,5,True,0.024732792750000954,0.20855538504464285,0.1491718108991806,0.2432432432432432,0.5121381933038885
5142-36377-0009_mixed_white1_nonwhite4_snr-5.wav,-5,True,0.10903085768222809,0.3356827445652174,0.32851839114841214,0.0,0.9425806427995364
6829-68769-0031_mixed_white1_nonwhite4_snr-5.wav,-5,True,0.1487346589565277,0.2795185659123563,0.29308186088512084,0.0,0.783815759199637
5142-33396-0042_mixed_white1_nonwhite4_snr5.wav,5,True,0.060638267546892166,0.30196488465314136,0.28233982241622424,0.059113300492610876,0.4513192218210962
2830-3980-0076_mixed_white1_nonwhite4_snr10.wav,10,True,0.05210374295711517,0.21155512727649006,0.14014101454762898,0.10624999999999996,0.28028102148146855
8455-210777-0007_mixed_white1_nonwhite4_snr5.wav,5,True,0.060528464615345,0.15655808221726192,0.10484991641772824,0.022471910112359605,0.8910210927327474
8455-210777-0050_mixed_white1_nonwhite4_snr5.wav,5,True,0.07354798913002014,0.1861847908266129,0.14155212940845044,0.1297709923664122,0.3680561290067785
7021-85628-0005_mixed_white1_nonwhite4_snr5.wav,5,True,0.10294079780578613,0.2198727358678344,0.16857544972475824,0.10179640718562877,0.2992209494113922
8230-279154-0034_mixed_white1_nonwhite4_snr20.wav,20,False,0.044674351811409,0.21568910035792951,0.11782383382140639,0.14492753623188404,0.200190767335395
6930-81414-0015_mixed_white1_nonwhite4_snr-5.wav,-5,True,0.08791522681713104,0.2844050480769231,0.1940591003357038,0.0,0.744811794587544
5142-33396-0042_mixed_white1_nonwhite4_snr15.wav,15,False,0.0487176775932312,0.2567413489856021,0.1632113791517483,0.16748768472906406,0.3161117176214854
1580-141084-0031_mixed_white1_nonwhite4_snr15.wav,15,False,0.03926417976617813,0.3414096174568966,0.13803339147169486,0.14418604651162792,0.1911977056799264
1580-141084-0040_mixed_white1_nonwhite4_snr15.wav,15,False,0.0390462763607502,0.2890105551861702,0.16145278659555404,0.2211055276381909,0.3057087603069487
5142-33396-0033_mixed_white1_nonwhite4_snr15.wav,15,False,0.043511852622032166,0.24215514401355423,0.12811854602896822,0.15909090909090906,0.18285006063955803
2094-142345-0036_mixed_white1_nonwhite4_snr5.wav,5,True,0.060236856341362,0.19067270305299538,0.11056171776471571,0.16086956521739126,0.33459872245788574
908-31957-0013_mixed_white1_nonwhite4_snr20.wav,20,False,0.048097364604473114,0.23203427029639176,0.15306308291332335,0.38834951456310685,0.5459656774997711
8224-274384-0007_mixed_white1_nonwhite4_snr15.wav,15,False,0.04818036034703255,0.15390374599358975,0.12115740571553107,0.3091787439613527,0.4239110484719276
6930-81414-0007_mixed_white1_nonwhite4_snr10.wav,10,True,0.04152629151940346,0.2889484489051095,0.16610132421245652,0.2827586206896552,0.3529033611218135
6930-75918-0001_mixed_white1_nonwhite4_snr15.wav,15,False,0.03383370488882065,0.3270409058988764,0.16974910709224175,0.18565400843881852,0.1885868708292643
1284-134647-0006_mixed_white1_nonwhite4_snr10.wav,10,True,0.05080486834049225,0.18581404775943397,0.11586237271027756,0.16568047337278102,0.2774897553026676
3570-5695-0014_mixed_white1_nonwhite4_snr0.wav,0,True,0.0897175669670105,0.18591530539772727,0.1226918414978453,0.06837606837606836,0.7374026027380252
3570-5695-0014_mixed_white1_nonwhite4_snr-5.wav,-5,True,0.1260993778705597,0.2094134706439394,0.16306038734560574,0.028490028490028463,1.0192076057195663
1995-1826-0010_mixed_white1_nonwhite4_snr0.wav,0,True,0.09256190061569214,0.289937601461039,0.28438963149231855,0.0,0.676348614692688
908-31957-0017_mixed_white1_nonwhite4_snr20.wav,20,False,0.036827556788921356,0.24427270107581966,0.13224256593064912,0.32432432432432434,0.7521281021612661
61-70970-0022_mixed_white1_nonwhite4_snr0.wav,0,True,0.08452260494232178,0.2397578125,0.16168048316003364,0.030303030303030276,0.6481073583875384
1320-122617-0016_mixed_white1_nonwhite4_snr0.wav,0,True,0.09639965742826462,0.26150087767009494,0.21748116663481873,0.0982142857142857,0.5448204108646938
3575-170457-0051_mixed_white1_nonwhite4_snr10.wav,10,True,0.06250718981027603,0.19680905032467533,0.11595535400343474,0.12269938650306744,0.3163546037215453
61-70968-0037_mixed_white1_nonwhite4_snr5.wav,5,True,0.049545180052518845,0.26924913194444444,0.23444514802179942,0.1048951048951049,0.45532618384612233
4970-29093-0022_mixed_white1_nonwhite4_snr15.wav,15,False,0.03345723822712898,0.3003781049679487,0.20907980144489674,0.26086956521739135,0.23218570232391358
237-134500-0023_mixed_white1_nonwhite4_snr0.wav,0,True,0.11345265060663223,0.3277740478515625,0.2216988594104118,0.0,0.7027238979935646
6829-68771-0000_mixed_white1_nonwhite4_snr15.wav,15,False,0.05803715065121651,0.28941261053657075,0.1673612944379979,0.17381489841986453,0.1942243626777162
2830-3980-0015_mixed_white1_nonwhite4_snr-5.wav,-5,True,0.11435213685035706,0.28194754464285715,0.2588737905176992,0.0,1.0130261421203612
1995-1826-0010_mixed_white1_nonwhite4_snr-5.wav,-5,True,0.13777895271778107,0.3172115969967532,0.3284740890472483,0.0,0.45921966433525085
3575-170457-0008_mixed_white1_nonwhite4_snr10.wav,10,True,0.05277533829212189,0.19843796064268868,0.11851684472526762,0.1019955654101996,0.27480174910347416
4446-2275-0009_mixed_white1_nonwhite4_snr5.wav,5,True,0.0581849031150341,0.27118844696969696,0.23208981548830987,0.21739130434782605,0.26688800616697833
61-70970-0022_mixed_white1_nonwhite4_snr10.wav,10,True,0.05926612764596939,0.15360546875,0.07934132699238702,0.10606060606060608,0.30376813374459743
5683-32866-0001_mixed_white1_nonwhite4_snr-5.wav,-5,True,0.11832601577043533,0.3014711152522936,0.2425044040862592,0.0,0.8238317171732584
7127-75947-0039_mixed_white1_nonwhite4_snr-5.wav,-5,True,0.10920119285583496,0.35972842261904764,0.36825195604901817,0.0,0.7510766438075475
7021-79730-0008_mixed_white1_nonwhite4_snr0.wav,0,True,0.08539737015962601,0.21931656547214673,0.1622975197475972,0.08673469387755106,0.5946227709452311
61-70968-0037_mixed_white1_nonwhite4_snr-5.wav,-5,True,0.09279068559408188,0.3777813946759259,0.3994677446989095,0.0,1.112742158499631
4446-2273-0022_mixed_white1_nonwhite4_snr15.wav,15,False,0.024712292477488518,0.2470358143682065,0.16723988052765065,0.28205128205128205,0.1982652711868286
6930-76324-0011_mixed_white1_nonwhite4_snr20.wav,20,False,0.0287533737719059,0.2895271274870242,0.09558180717380507,0.07467532467532467,0.3106669030691448
3575-170457-0008_mixed_white1_nonwhite4_snr0.wav,0,True,0.07806036621332169,0.25118154849646224,0.18690133063012637,0.06430155210643018,0.422146341256928
3570-5694-0022_mixed_white1_nonwhite4_snr5.wav,5,True,0.0866597518324852,0.242578125,0.18863514220708846,0.0,0.5302747696638107
3570-5694-0022_mixed_white1_nonwhite4_snr15.wav,15,False,0.07065388560295105,0.19662905092592592,0.12267742277489933,0.18181818181818177,0.2872471087857297
5639-40744-0034_mixed_white1_nonwhite4_snr5.wav,5,True,0.03403650224208832,0.3397420247395833,0.2234215436030569,0.2919540229885057,0.3290844011306763
1284-1180-0030_mixed_white1_nonwhite4_snr20.wav,20,False,0.055065494030714035,0.18445089065581854,0.09791561695726841,0.10925925925925928,0.17332294389799044
908-31957-0013_mixed_white1_nonwhite4_snr0.wav,0,True,0.0885201022028923,0.28085736146907214,0.2477541170736808,0.004854368932038833,0.8594407549610844
8455-210777-0051_mixed_white1_nonwhite4_snr20.wav,20,False,0.05907755717635155,0.2341671731979405,0.08800221653496487,0.1376344086021506,0.40567351771252497
7176-92135-0038_mixed_white1_nonwhite4_snr10.wav,10,True,0.0832660049200058,0.2761264377170139,0.15118252250980305,0.09150326797385622,0.43659262601719345
1580-141083-0000_mixed_white1_nonwhite4_snr20.wav,20,False,0.024195950478315353,0.2706891741071429,0.139417812316546,0.15436241610738255,0.18698050537043148
1320-122617-0038_mixed_white1_nonwhite4_snr-5.wav,-5,True,0.1421731561422348,0.2236328125,0.19860039116657166,0.0,0.841804971297582
3575-170457-0037_mixed_white1_nonwhite4_snr15.wav,15,False,0.054296232759952545,0.20996973536036037,0.12316341623001514,0.20507399577167018,0.166052571049443
237-134500-0023_mixed_white1_nonwhite4_snr10.wav,10,True,0.07500877231359482,0.25909423828125,0.13537450861828093,0.0490196078431373,0.5305255441104665
2961-961-0012_mixed_white1_nonwhite4_snr0.wav,0,True,0.0424497164785862,0.3746868761517199,0.3652767498584365,0.39722863741339487,0.7033428156629522
3575-170457-0052_mixed_white1_nonwhite4_snr5.wav,5,True,0.061396896839141846,0.2897221991356383,0.21272397730514445,0.19999999999999996,0.48692846298217773
7176-92135-0019_mixed_white1_nonwhite4_snr-5.wav,-5,True,0.14839614927768707,0.2551333778782895,0.2559516849547704,0.0,0.9954094356960721
6930-75918-0000_mixed_white1_nonwhite4_snr-5.wav,-5,True,0.05470941588282585,0.3016290838068182,0.2528207820671414,0.11206896551724133,1.1604185263315836
6930-81414-0007_mixed_white1_nonwhite4_snr15.wav,15,False,0.03916626796126366,0.2796283359945255,0.12431841315742526,0.1586206896551724,0.3672529108384076
2961-961-0010_mixed_white1_nonwhite4_snr20.wav,20,False,0.03474099561572075,0.27281967474489793,0.16403144233451525,0.25287356321839083,0.23089731050034365
1995-1826-0010_mixed_white1_nonwhite4_snr5.wav,5,True,0.07069406658411026,0.25601156655844154,0.2364322365283223,0.0864197530864198,0.4135252399878068
5639-40744-0034_mixed_white1_nonwhite4_snr20.wav,20,False,0.02660561539232731,0.24691353592218138,0.13146342960619684,0.20229885057471264,0.2349763772001973
6930-75918-0001_mixed_white1_nonwhite4_snr10.wav,10,True,0.03569674491882324,0.3576193820224719,0.2458133959815764,0.30168776371308015,0.19349692160623114
1284-134647-0006_mixed_white1_nonwhite4_snr15.wav,15,False,0.0479508712887764,0.16209248476808177,0.08040586282386179,0.23076923076923073,0.2443612776696682
3570-5695-0014_mixed_white1_nonwhite4_snr5.wav,5,True,0.0724959522485733,0.16653497869318182,0.09145853739031116,0.05982905982905984,0.461520941361137
1320-122617-0016_mixed_white1_nonwhite4_snr5.wav,5,True,0.07692071050405502,0.22051924693433544,0.1660384077365582,0.1071428571428571,0.24068334295942978
61-70970-0022_mixed_white1_nonwhite4_snr5.wav,5,True,0.06669572740793228,0.1967265625,0.11689224878019447,0.06818181818181823,0.521646397454398
5639-40744-0003_mixed_white1_nonwhite4_snr20.wav,20,False,0.02602566033601761,0.24285831091538915,0.16715958245459336,0.23008849557522126,0.24089934278750363
3575-170457-0051_mixed_white1_nonwhite4_snr15.wav,15,False,0.059059154242277145,0.18484933035714285,0.09259288955126777,0.1165644171779141,0.3003373718261719
1320-122617-0018_mixed_white1_nonwhite4_snr-5.wav,-5,True,0.11630278080701828,0.3741233498349835,0.28254518813059804,0.0,0.8702189822991689
6930-76324-0019_mixed_white1_nonwhite4_snr20.wav,20,False,0.031077003106474876,0.23300660686728394,0.07790993675853729,0.12941176470588234,0.47857459386189777
672-122797-0065_mixed_white1_nonwhite4_snr20.wav,20,False,0.02370821312069893,0.1431640625,0.06753813701075893,0.28712871287128716,0.6648775736490885
6829-68771-0000_mixed_white1_nonwhite4_snr10.wav,10,True,0.06136135384440422,0.3131323066546763,0.2124046627739738,0.19638826185101577,0.19092348154554975
4970-29093-0022_mixed_white1_nonwhite4_snr10.wav,10,True,0.03673515468835831,0.315214342948718,0.24729258566606582,0.30434782608695654,0.7486144394978234
237-134500-0023_mixed_white1_nonwhite4_snr5.wav,5,True,0.08713370561599731,0.2914683024088542,0.1783290543521805,0.0,0.7886214536779067
61-70968-0037_mixed_white1_nonwhite4_snr0.wav,0,True,0.06337027996778488,0.32819733796296297,0.3208368328154859,0.013986013986013957,0.5233332514762878
1188-133604-0029_mixed_white1_nonwhite4_snr-5.wav,-5,True,0.061748456209897995,0.24998737203663793,0.18324537692176188,0.024390243902439046,0.8505685329437256
3575-170457-0008_mixed_white1_nonwhite4_snr15.wav,15,False,0.049191635102033615,0.18453806751179244,0.096655859370082,0.12860310421286036,0.24564875296826635
7021-79730-0008_mixed_white1_nonwhite4_snr5.wav,5,True,0.0686379075050354,0.19997372834578805,0.1352452062039316,0.08163265306122447,0.3893609758880403
8455-210777-0007_mixed_white1_nonwhite4_snr-5.wav,-5,True,0.13144242763519287,0.15742420014880953,0.10775315273540882,0.0,0.849153200785319
4446-2275-0009_mixed_white1_nonwhite4_snr0.wav,0,True,0.0757056474685669,0.28557054924242425,0.25832040161651926,0.01449275362318836,0.2546905116601424
61-70970-0022_mixed_white1_nonwhite4_snr15.wav,15,False,0.05637941136956215,0.1223984375,0.05282458784525115,0.12878787878787878,0.2691606804728508
2094-142345-0036_mixed_white1_nonwhite4_snr20.wav,20,False,0.0488685667514801,0.10887771817396313,0.026626884248043495,0.26086956521739135,0.31131142616271973
3575-170457-0008_mixed_white1_nonwhite4_snr5.wav,5,True,0.06077931076288223,0.21961715986143868,0.14823002331903093,0.07317073170731703,0.27069691912486005
4446-2273-0022_mixed_white1_nonwhite4_snr10.wav,10,True,0.0265421811491251,0.2633720066236413,0.20141518868945982,0.31794871794871793,0.1894407606124878
3570-5694-0022_mixed_white1_nonwhite4_snr10.wav,10,True,0.07561206072568893,0.21518373842592592,0.14946783244529716,0.1398601398601399,0.34200935661792753
3570-5694-0022_mixed_white1_nonwhite4_snr0.wav,0,True,0.11093501001596451,0.2776511863425926,0.24142132692344806,0.0,1.0184568911790848
5639-40744-0034_mixed_white1_nonwhite4_snr0.wav,0,True,0.044092729687690735,0.3853592218137255,0.27210685683879693,0.2689655172413793,0.49217643297236896
908-31957-0013_mixed_white1_nonwhite4_snr5.wav,5,True,0.0659765675663948,0.26727609536082475,0.22220680592042863,0.12135922330097082,0.9722874820232391
4446-2273-0003_mixed_white1_nonwhite4_snr-5.wav,-5,True,0.08911127597093582,0.3169463488520408,0.28773600253154724,0.003831417624521105,0.9998429038307883
7176-92135-0038_mixed_white1_nonwhite4_snr15.wav,15,False,0.07915771007537842,0.2325354682074653,0.11290641016799219,0.09150326797385622,0.3758960075156633
1995-1837-0021_mixed_white1_nonwhite4_snr-5.wav,-5,True,0.14356932044029236,0.15703527706185566,0.09946034652643672,0.0,1.17313263966487
3575-170457-0037_mixed_white1_nonwhite4_snr10.wav,10,True,0.05809653177857399,0.22038530229448197,0.15091401769270663,0.13742071881606766,0.17742086671016835
4992-41797-0000_mixed_white1_nonwhite4_snr20.wav,20,False,0.04970000684261322,0.20837686228197674,0.12885052926205523,0.2417582417582418,0.3761230917537914
2961-961-0012_mixed_white1_nonwhite4_snr5.wav,5,True,0.032321855425834656,0.3488283649416462,0.3047346519630937,0.38337182448036955,0.40765494240654837
3575-170457-0052_mixed_white1_nonwhite4_snr0.wav,0,True,0.07922361046075821,0.3254238696808511,0.27179128816520853,0.010000000000000009,0.46853140684274525
237-134500-0023_mixed_white1_nonwhite4_snr15.wav,15,False,0.06970829516649246,0.22974141438802084,0.10167892064717902,0.08823529411764708,0.38507276214659214
8463-294825-0015_mixed_white1_nonwhite4_snr-5.wav,-5,True,0.09791726619005203,0.16453642003676472,0.10998482450259277,0.0,0.9702925880750021
7176-88083-0000_mixed_white1_nonwhite4_snr15.wav,15,False,0.07583034038543701,0.1914281952247191,0.11441250692266819,0.11111111111111116,0.2598205634525844
7729-102255-0045_mixed_white1_nonwhite4_snr20.wav,20,False,0.04209587723016739,0.2089683281983568,0.11433357576044423,0.1504424778761062,0.3021576041760652
4992-23283-0016_mixed_white1_nonwhite4_snr10.wav,10,True,0.03466436266899109,0.18441447805851063,0.09632517790190445,0.18791946308724827,0.4737034094961066
5683-32866-0001_mixed_white1_nonwhite4_snr0.wav,0,True,0.07931755483150482,0.28528168004587157,0.2175041495600228,0.0,0.7228959690440785
3729-6852-0024_mixed_white1_nonwhite4_snr20.wav,20,False,0.037361130118370056,0.19152196983381503,0.09972118219158264,0.20218579234972678,0.27426019181375916
7021-79730-0000_mixed_white1_nonwhite4_snr0.wav,0,True,0.10467766225337982,0.14716289569805194,0.1024478316188901,0.0,0.7960069179534912
6930-75918-0000_mixed_white1_nonwhite4_snr5.wav,5,True,0.03098003938794136,0.28886274857954547,0.17160255952173004,0.09482758620689657,0.47908278022493633
4507-16021-0016_mixed_white1_nonwhite4_snr-5.wav,-5,True,0.08820399641990662,0.3001826533564815,0.27181611726833144,0.13565217391304352,0.9522815923536977
6829-68769-0033_mixed_white1_nonwhite4_snr0.wav,0,True,0.08537515997886658,0.19052656870039683,0.12448278360840653,0.007462686567164201,0.5038894496180795
1995-1837-0004_mixed_white1_nonwhite4_snr10.wav,10,True,0.0772637128829956,0.15452015939070352,0.11210171317819552,0.018867924528301883,0.2946424890648235
8463-294825-0015_mixed_white1_nonwhite4_snr5.wav,5,True,0.04899683967232704,0.16837086397058823,0.1017700583989197,0.0,0.6229336659113566
4992-23283-0016_mixed_white1_nonwhite4_snr5.wav,5,True,0.03983873128890991,0.19881704343971632,0.11773692009012111,0.15436241610738255,0.7346416335356863
2961-961-0005_mixed_white1_nonwhite4_snr5.wav,5,True,0.033860135823488235,0.20362155720338984,0.13843937157248426,0.32799999999999996,0.43749638327530455
8230-279154-0034_mixed_white1_nonwhite4_snr0.wav,0,True,0.07416926324367523,0.31399603352147576,0.2821846934005651,0.05590062111801242,0.488024682414775
8224-274384-0007_mixed_white1_nonwhite4_snr0.wav,0,True,0.07642198354005814,0.20779246794871795,0.18528069125136243,0.07729468599033817,0.8136096454802013
2961-961-0012_mixed_white1_nonwhite4_snr15.wav,15,False,0.025421807542443275,0.3004393331541769,0.1946138601578512,0.25404157043879905,0.34471969339582653
7127-75947-0039_mixed_white1_nonwhite4_snr5.wav,5,True,0.05822991952300072,0.29248046875,0.2550828012598442,0.17014925373134326,0.25435482844328267
2830-3980-0041_mixed_white1_nonwhite4_snr15.wav,15,False,0.060770146548748016,0.23127297794117646,0.10808829509634177,0.3190184049079755,0.2901000415577608
6930-75918-0014_mixed_white1_nonwhite4_snr20.wav,20,False,0.025207018479704857,0.2805421311669829,0.11165499453282254,0.12121212121212122,0.26913223731315744
4507-16021-0006_mixed_white1_nonwhite4_snr5.wav,5,True,0.07636302709579468,0.30436937736742425,0.2510179669924788,0.042857142857142816,0.9085210050855365
237-126133-0012_mixed_white1_nonwhite4_snr0.wav,0,True,0.031849205493927,0.2375523158482143,0.1918633923233113,0.25,0.7203210942885455
7021-79730-0000_mixed_white1_nonwhite4_snr20.wav,20,False,0.06069571152329445,0.1089057426948052,0.06446891580056156,0.19753086419753085,0.4294620090060764
2094-142345-0008_mixed_white1_nonwhite4_snr5.wav,5,True,0.08739574998617172,0.24104965672348486,0.1817227437389418,0.1345971563981042,0.389432055126319
2961-961-0005_mixed_white1_nonwhite4_snr10.wav,10,True,0.029378382489085197,0.20611675715042374,0.11685216281407604,0.41600000000000004,0.39001941468034473
2961-961-0013_mixed_white1_nonwhite4_snr-5.wav,-5,True,0.06563923507928848,0.25449764654503104,0.2098670528045398,0.0,1.2646167278289795
8455-210777-0003_mixed_white1_nonwhite4_snr-5.wav,-5,True,0.17353400588035583,0.42228626069568453,0.45418667927385314,0.0,1.0058758010791538
2830-3980-0076_mixed_white1_nonwhite4_snr15.wav,15,False,0.048934753984212875,0.17326223613410596,0.08731165231520088,0.25625,0.2210747484456409
8455-210777-0007_mixed_white1_nonwhite4_snr0.wav,0,True,0.08470901101827621,0.15681384858630953,0.10654119017736093,0.0,0.8045675396919251
5142-33396-0042_mixed_white1_nonwhite4_snr0.wav,0,True,0.0796782523393631,0.3235182837041885,0.34144400901298216,0.009852216748768461,0.4830677470853252
7021-85628-0005_mixed_white1_nonwhite4_snr0.wav,0,True,0.13129933178424835,0.24263846039012738,0.19761023584930923,0.0,0.3418040081858635
8455-210777-0050_mixed_white1_nonwhite4_snr0.wav,0,True,0.09447402507066727,0.2060113722278226,0.16802995676897375,0.08396946564885499,0.5736797489225864
5142-33396-0042_mixed_white1_nonwhite4_snr10.wav,10,True,0.052195992320775986,0.2785606184554974,0.21878687187868334,0.1428571428571429,0.3748160566602434
1580-141084-0031_mixed_white1_nonwhite4_snr10.wav,10,True,0.04148431494832039,0.3851841517857143,0.15657699167087522,0.23720930232558135,0.1886621980831541
2300-131720-0010_mixed_white1_nonwhite4_snr20.wav,20,False,0.07784900069236755,0.11470576373525074,0.051740203445008764,0.11388888888888893,0.23750821853938855
5142-36600-0000_mixed_white1_nonwhite4_snr-5.wav,-5,True,0.08375702798366547,0.21689576740506328,0.14536609266083714,0.0,0.8620004475116729
1580-141084-0040_mixed_white1_nonwhite4_snr10.wav,10,True,0.04129244014620781,0.29903070977393614,0.19630865576681097,0.3266331658291457,0.3039520695095971
5142-33396-0033_mixed_white1_nonwhite4_snr10.wav,10,True,0.04665380343794823,0.25234433829066266,0.1614441444186389,0.19886363636363635,0.33252011383733443
8224-274384-0007_mixed_white1_nonwhite4_snr10.wav,10,True,0.05173049494624138,0.16818910256410258,0.1360158108513039,0.25120772946859904,0.5574123591184617
2094-142345-0036_mixed_white1_nonwhite4_snr0.wav,0,True,0.07568848878145218,0.22568269369239632,0.15630625681915483,0.13043478260869568,0.35229920720060665
237-134500-0011_mixed_white1_nonwhite4_snr-5.wav,-5,True,0.191486194729805,0.1537899925595238,0.0935107942914506,0.0,0.9663456624204462
1284-1180-0004_mixed_white1_nonwhite4_snr0.wav,0,True,0.08200744539499283,0.18359375,0.1458669646381716,0.0,0.8810572003324827
2300-131720-0010_mixed_white1_nonwhite4_snr-5.wav,-5,True,0.16112133860588074,0.22331305309734514,0.17831166186125663,0.0,0.8977313928115063
7729-102255-0045_mixed_white1_nonwhite4_snr0.wav,0,True,0.06739544868469238,0.2748037705399061,0.22981532583253153,0.08849557522123896,0.4322134956069615
8230-279154-0022_mixed_white1_nonwhite4_snr15.wav,15,False,0.04238419979810715,0.23129544399752475,0.14629732714640525,0.24766355140186913,0.2453408922467913
5142-36600-0000_mixed_white1_nonwhite4_snr20.wav,20,False,0.03546030446887016,0.21075207674050633,0.06095317735625354,0.15476190476190477,0.5013820181290308
1188-133604-0029_mixed_white1_nonwhite4_snr5.wav,5,True,0.03187316283583641,0.22280357623922414,0.1644675872946541,0.4065040650406504,0.621163900081928
6930-76324-0011_mixed_white1_nonwhite4_snr0.wav,0,True,0.04526277258992195,0.364558553200692,0.2625084566614519,0.275974025974026,0.8778412959405355
1320-122617-0018_mixed_white1_nonwhite4_snr0.wav,0,True,0.08314123749732971,0.32058000721947194,0.2196958253435856,0.09597523219814241,0.49847597029150986
237-134500-0011_mixed_white1_nonwhite4_snr20.wav,20,False,0.07869679480791092,0.14673549107142858,0.05527385377368802,0.18918918918918914,0.28412066251039503
5683-32866-0007_mixed_white1_nonwhite4_snr0.wav,0,True,0.14309628307819366,0.20993444161821706,0.17802136982955846,0.0,0.9671440578642345
4970-29093-0010_mixed_white1_nonwhite4_snr0.wav,0,True,0.06173516437411308,0.3005540408277405,0.23359931438364478,0.1428571428571429,0.5014000607259346
61-70970-0009_mixed_white1_nonwhite4_snr15.wav,15,False,0.049401991069316864,0.1876916617990654,0.10142663395814416,0.23893805309734517,0.4522043307622274
6930-75918-0014_mixed_white1_nonwhite4_snr-5.wav,-5,True,0.05868346244096756,0.39585804079696396,0.42524483445289984,0.0,0.9828042394512302
7021-79730-0000_mixed_white1_nonwhite4_snr-5.wav,-5,True,0.15281325578689575,0.16765802556818182,0.12445068955778416,0.0,1.243880381186803
2961-961-0013_mixed_white1_nonwhite4_snr20.wav,20,False,0.025117788463830948,0.2282123447204969,0.11499937542070444,0.32352941176470584,0.35158729553222656
237-126133-0012_mixed_white1_nonwhite4_snr15.wav,15,False,0.02025282010436058,0.17180524553571427,0.09025356850805359,0.14864864864864868,0.3231951186531468
3575-170457-0052_mixed_white1_nonwhite4_snr15.wav,15,False,0.04882163181900978,0.25466983876329785,0.13575977514797524,0.36,0.3445374507170457
8455-210777-0003_mixed_white1_nonwhite4_snr20.wav,20,False,0.06740657240152359,0.24492681594122023,0.18497872711857627,0.24369747899159666,0.20871329598310517
1995-1837-0004_mixed_white1_nonwhite4_snr0.wav,0,True,0.11209829151630402,0.20865803627512564,0.1843659333407981,0.014150943396226467,1.0058870138945404
1580-141084-0031_mixed_white1_nonwhite4_snr5.wav,5,True,0.047061093151569366,0.4401651016009852,0.17871422526137604,0.3162790697674419,0.1959884269484158
2830-3980-0076_mixed_white1_nonwhite4_snr5.wav,5,True,0.05998304486274719,0.24752302359271522,0.19870264137712787,0.006249999999999978,0.28355113097599577
8224-274381-0004_mixed_white1_nonwhite4_snr10.wav,10,True,0.052333563566207886,0.1688924459586466,0.10207260232125145,0.12429378531073443,0.2808145978488028
7021-85628-0005_mixed_white1_nonwhite4_snr15.wav,15,False,0.08421418070793152,0.19350865843949044,0.13108040890390726,0.20958083832335328,0.30865432173013685
6930-75918-0015_mixed_white1_nonwhite4_snr15.wav,15,False,0.025812411680817604,0.26046875,0.12127916299230285,0.16981132075471694,0.2996447467803955
6930-75918-0014_mixed_white1_nonwhite4_snr5.wav,5,True,0.031067946925759315,0.35774152781072105,0.2989128898206623,0.3440285204991087,0.39558773424665805
5142-33396-0049_mixed_white1_nonwhite4_snr5.wav,5,True,0.044869162142276764,0.29579984224759615,0.27075333624074105,0.2727272727272727,0.5153788990444608
3575-170457-0051_mixed_white1_nonwhite4_snr0.wav,0,True,0.0907631367444992,0.23440987723214285,0.18698822195695183,0.0,0.5856113641158395
8463-294825-0015_mixed_white1_nonwhite4_snr20.wav,20,False,0.03574291244149208,0.19747625612745098,0.09040337377940978,0.39814814814814814,0.41146810352802277
61-70968-0022_mixed_white1_nonwhite4_snr15.wav,15,False,0.037197817116975784,0.19175072238869864,0.09985779039883295,0.1483870967741936,0.42146085351705553
8230-279154-0035_mixed_white1_nonwhite4_snr10.wav,10,True,0.049339424818754196,0.29925459849683544,0.25110715417676444,0.23904382470119523,0.24021222239190881
3729-6852-0024_mixed_white1_nonwhite4_snr-5.wav,-5,True,0.09809707850217819,0.27494750270953755,0.23846062680172844,0.0,0.9889603094621138
4507-16021-0016_mixed_white1_nonwhite4_snr20.wav,20,False,0.0377892442047596,0.23275191695601852,0.12692725409847594,0.24347826086956526,0.23402159051461655
7729-102255-0045_mixed_white1_nonwhite4_snr-5.wav,-5,True,0.09705791622400284,0.3002012727406103,0.2746669518928322,0.0,0.8819383212498256
1995-1837-0021_mixed_white1_nonwhite4_snr20.wav,20,False,0.06434169411659241,0.09189251771907217,0.03441277115105245,0.07766990291262132,0.2885810307094029
6930-81414-0007_mixed_white1_nonwhite4_snr0.wav,0,True,0.06024742126464844,0.3077704436587591,0.2560635647337444,0.03448275862068961,0.482765045017004
8230-279154-0040_mixed_white1_nonwhite4_snr10.wav,10,True,0.05324096232652664,0.29533064685105365,0.23592297885882652,0.21942446043165464,0.27017245690027875
6829-68771-0027_mixed_white1_nonwhite4_snr15.wav,15,False,0.06495001912117004,0.26464258982035926,0.19040171878731008,0.22033898305084743,0.3713094008465608
5683-32866-0007_mixed_white1_nonwhite4_snr10.wav,10,True,0.09262160211801529,0.18292378270348839,0.12240269953501415,0.007299270072992692,0.5337061524391175
6829-68769-0033_mixed_white1_nonwhite4_snr10.wav,10,True,0.06018601357936859,0.16290767609126985,0.08594602124926436,0.10447761194029848,0.33689879235767184
5683-32866-0030_mixed_white1_nonwhite4_snr10.wav,10,True,0.041502974927425385,0.31024491159539475,0.2702711821837761,0.2919254658385093,0.5752636528015137
5142-33396-0049_mixed_white1_nonwhite4_snr15.wav,15,False,0.03562654182314873,0.2624370868389423,0.174431079258287,0.1636363636363637,0.42020900878641343
4992-41797-0000_mixed_white1_nonwhite4_snr-5.wav,-5,True,0.11668889224529266,0.31340843023255816,0.2633618757385752,0.0,0.7949560029166085
7176-92135-0019_mixed_white1_nonwhite4_snr5.wav,5,True,0.07813555002212524,0.19912237870065788,0.16723294675189665,0.0,0.6442541062831879
6930-76324-0019_mixed_white1_nonwhite4_snr5.wav,5,True,0.037930674850940704,0.2571433738425926,0.15273884883351782,0.24705882352941178,0.41529614975055057
1995-1826-0009_mixed_white1_nonwhite4_snr10.wav,10,True,0.05842604115605354,0.20845694883966245,0.14050084123946605,0.17460317460317465,0.386842875568955
237-134493-0010_mixed_white1_nonwhite4_snr10.wav,10,True,0.08242519944906235,0.10835503472222222,0.03693813958680701,0.06315789473684208,0.4781652038747614
4446-2275-0009_mixed_white1_nonwhite4_snr10.wav,10,True,0.050326861441135406,0.25816761363636365,0.20261271792651284,0.21739130434782605,0.2609547701748935
5142-36600-0000_mixed_white1_nonwhite4_snr5.wav,5,True,0.04436120018362999,0.21486847310126583,0.11370177219235489,0.16666666666666663,0.4081095890565352
4446-2273-0003_mixed_white1_nonwhite4_snr20.wav,20,False,0.03660719841718674,0.22950613839285713,0.11408045603128371,0.2068965517241379,0.1593832102688876
1995-1826-0009_mixed_white1_nonwhite4_snr0.wav,0,True,0.08376724272966385,0.253463294435654,0.22780742909608562,0.05555555555555558,0.7476694615263688
3729-6852-0024_mixed_white1_nonwhite4_snr5.wav,5,True,0.049395810812711716,0.23628861091040462,0.17640459438602885,0.07650273224043713,0.32402547805205634
672-122797-0065_mixed_white1_nonwhite4_snr-5.wav,-5,True,0.057090047746896744,0.23975637335526315,0.19418578893157917,0.0,0.8315186351537704
7176-88083-0014_mixed_white1_nonwhite4_snr10.wav,10,True,0.06606129556894302,0.23294694456335616,0.17865133957529997,0.08387096774193548,0.30101718902587893
8455-210777-0007_mixed_white1_nonwhite4_snr20.wav,20,False,0.040506549179553986,0.16387067522321427,0.09250512791450807,0.3258426966292135,0.6475463443332248
2094-142345-0036_mixed_white1_nonwhite4_snr-5.wav,-5,True,0.10761673748493195,0.2592908446140553,0.206000191924842,0.0,0.7215759086608887
1188-133604-0029_mixed_white1_nonwhite4_snr20.wav,20,False,0.02461870200932026,0.16860014816810345,0.10137328152349735,0.36585365853658536,0.43461464984076364
2961-961-0010_mixed_white1_nonwhite4_snr-5.wav,-5,True,0.08984865993261337,0.4076650191326531,0.4204598055096819,0.0,0.6798807334899902
5639-40744-0034_mixed_white1_nonwhite4_snr-5.wav,-5,True,0.06501046568155289,0.4265531652113971,0.31937057150579207,0.04597701149425293,0.7525663165485158
7176-92135-0038_mixed_white1_nonwhite4_snr5.wav,5,True,0.09350504726171494,0.3305884467230903,0.20505591829504916,0.013071895424836555,0.5541856441091983
2094-142345-0008_mixed_white1_nonwhite4_snr10.wav,10,True,0.07694832235574722,0.2063165838068182,0.1365875094037313,0.15355450236966828,0.265547985939029
6930-81414-0015_mixed_white1_nonwhite4_snr0.wav,0,True,0.0608426034450531,0.28405448717948717,0.17120899703970946,0.0,0.5256197312298942
1320-122617-0016_mixed_white1_nonwhite4_snr10.wav,10,True,0.06830774247646332,0.1886001780063291,0.12910980374365977,0.1071428571428571,0.2657197344870794
1320-122617-0018_mixed_white1_nonwhite4_snr20.wav,20,False,0.05559811741113663,0.1710160762169967,0.07665159584437267,0.12383900928792568,0.26073309282461804
6930-76324-0019_mixed_white1_nonwhite4_snr-5.wav,-5,True,0.0708661749958992,0.2731421199845679,0.21255214330997532,0.08235294117647063,0.9126664858597976
8455-210777-0050_mixed_white1_nonwhite4_snr10.wav,10,True,0.06432300806045532,0.1705873550907258,0.11863064582874933,0.1297709923664122,0.37834214977920055
5639-40744-0003_mixed_white1_nonwhite4_snr-5.wav,-5,True,0.06626034528017044,0.37826710826945753,0.3926322066761866,0.0,0.8692966973016022
1580-141083-0000_mixed_white1_nonwhite4_snr-5.wav,-5,True,0.05381147563457489,0.34835379464285715,0.3353532485940493,0.27181208053691275,0.475677126162761
6829-68771-0027_mixed_white1_nonwhite4_snr10.wav,10,True,0.06960243731737137,0.27918576908682635,0.22600012084539647,0.19774011299435024,0.44841745495796204
6930-81414-0007_mixed_white1_nonwhite4_snr5.wav,5,True,0.04726025089621544,0.301736427919708,0.2121471832478006,0.23448275862068968,0.4098091250971744
8230-279154-0040_mixed_white1_nonwhite4_snr15.wav,15,False,0.04960809275507927,0.26003969857519155,0.18191591089109374,0.20143884892086328,0.23147431126347295
8455-210777-0051_mixed_white1_nonwhite4_snr-5.wav,-5,True,0.147309809923172,0.39968893020594964,0.22711351929726467,0.0,0.9249783511889182
5683-32866-0007_mixed_white1_nonwhite4_snr15.wav,15,False,0.08559640496969223,0.17301053779069767,0.10046056462387631,0.1897810218978102,0.4197098527635847
6829-68769-0033_mixed_white1_nonwhite4_snr15.wav,15,False,0.05695731192827225,0.15421937003968253,0.07779796531279018,0.16417910447761197,0.3274667352437973
7176-92135-0019_mixed_white1_nonwhite4_snr20.wav,20,False,0.06005864962935448,0.14075991981907895,0.10004454787309738,0.21250000000000002,0.5935176014900208
6930-75918-0000_mixed_white1_nonwhite4_snr20.wav,20,False,0.025246908888220787,0.2687189275568182,0.09190024606823628,0.08620689655172409,0.3140638087477003
5683-32866-0030_mixed_white1_nonwhite4_snr15.wav,15,False,0.03805113583803177,0.27577932257401316,0.21678575719612336,0.26086956521739135,0.42591270946321036
5142-33396-0049_mixed_white1_nonwhite4_snr10.wav,10,True,0.03839839994907379,0.27797757662259615,0.21998072868369156,0.24545454545454548,0.516070702496697
1320-122617-0038_mixed_white1_nonwhite4_snr20.wav,20,False,0.059866078197956085,0.1410032460387324,0.07878593152623425,0.18918918918918914,0.34707069396972656
7176-92135-0019_mixed_white1_nonwhite4_snr0.wav,0,True,0.10105699300765991,0.22949861225328946,0.20930817229424908,0.0,0.5516786500811577
61-70968-0037_mixed_white1_nonwhite4_snr20.wav,20,False,0.039741791784763336,0.12490234375,0.06615828154707613,0.23076923076923073,0.4393249718766463
6930-76324-0011_mixed_white1_nonwhite4_snr-5.wav,-5,True,0.06563377380371094,0.37634995404411764,0.2991527503963087,0.2142857142857143,1.1342690388361614
6930-76324-0019_mixed_white1_nonwhite4_snr0.wav,0,True,0.048376526683568954,0.26897063078703703,0.18873131565370507,0.18823529411764706,0.5217668116092682
1995-1826-0009_mixed_white1_nonwhite4_snr15.wav,15,False,0.05520518869161606,0.20017677017405064,0.11174346511102225,0.16666666666666663,0.23602285056278624
4446-2275-0009_mixed_white1_nonwhite4_snr15.wav,15,False,0.046979568898677826,0.24358575994318182,0.17350261355189783,0.21739130434782605,0.3054367412220348
1284-1180-0030_mixed_white1_nonwhite4_snr-5.wav,-5,True,0.12316584587097168,0.3427233573717949,0.3450189804285933,0.0,0.8881287551239917
5142-36600-0000_mixed_white1_nonwhite4_snr0.wav,0,True,0.05704129487276077,0.21530730814873417,0.13173181916073962,0.0,0.5194964557886124
237-134493-0010_mixed_white1_nonwhite4_snr15.wav,15,False,0.07641687244176865,0.116064453125,0.04014713515369438,0.13684210526315788,0.48555617982690985
3729-6852-0024_mixed_white1_nonwhite4_snr0.wav,0,True,0.0654020830988884,0.25706455473265893,0.2100353127540818,0.06557377049180324,0.47634302892468194
1995-1826-0009_mixed_white1_nonwhite4_snr5.wav,5,True,0.06614425033330917,0.2245084223364979,0.17906125552451882,0.12301587301587302,0.4505919352654488
2830-3980-0015_mixed_white1_nonwhite4_snr20.wav,20,False,0.052148252725601196,0.08273460751488096,0.027013318012503215,0.1910112359550562,0.3460132984014658
7176-88083-0014_mixed_white1_nonwhite4_snr15.wav,15,False,0.06158331036567688,0.2157935573630137,0.14310770451489072,0.1806451612903226,0.34166465550661085
5683-32866-0001_mixed_white1_nonwhite4_snr20.wav,20,False,0.04597765952348709,0.2260786983944954,0.10446024771557604,0.24347826086956526,0.4754585569555109
7127-75947-0039_mixed_white1_nonwhite4_snr20.wav,20,False,0.04621598497033119,0.2149383060515873,0.12719677717916225,0.14626865671641787,0.2254722255926866
1995-1826-0010_mixed_white1_nonwhite4_snr20.wav,20,False,0.05390473082661629,0.20074066558441558,0.1483401256760155,0.23456790123456794,0.38747129115191375
2094-142345-0008_mixed_white1_nonwhite4_snr15.wav,15,False,0.07241931557655334,0.17561207780934343,0.09961004494236358,0.1687203791469194,0.19844411888477123
3570-5695-0014_mixed_white1_nonwhite4_snr20.wav,20,False,0.06082617864012718,0.13626598011363636,0.04483089872093382,0.09116809116809121,0.2885729392369588
7176-92135-0038_mixed_white1_nonwhite4_snr0.wav,0,True,0.11781969666481018,0.3925882975260417,0.2751543961106021,0.0,0.9426874067725205
1320-122617-0016_mixed_white1_nonwhite4_snr15.wav,15,False,0.06467745453119278,0.16375500642800633,0.10302075440124978,0.12202380952380953,0.2491129142673392
6930-81414-0015_mixed_white1_nonwhite4_snr5.wav,5,True,0.04810940846800804,0.27955562232905984,0.1417049556373642,0.048387096774193505,0.5071181376775106
908-31957-0017_mixed_white1_nonwhite4_snr-5.wav,-5,True,0.0947422906756401,0.37799172323258196,0.27998270911990136,0.01158301158301156,0.9093950574214642
8455-210777-0050_mixed_white1_nonwhite4_snr15.wav,15,False,0.060512982308864594,0.1566831527217742,0.09856610761324747,0.1297709923664122,0.35412716679275036
8230-279154-0022_mixed_white1_nonwhite4_snr10.wav,10,True,0.04533465579152107,0.24989605894183167,0.1813784933895923,0.2757009345794392,0.2561049234299433
8230-279154-0034_mixed_white1_nonwhite4_snr-5.wav,-5,True,0.10930632799863815,0.3428874414922907,0.33206465992657336,0.0,0.986030730707892
6930-81414-0015_mixed_white1_nonwhite4_snr20.wav,20,False,0.03932930901646614,0.2478423811431624,0.06349778388173405,0.16129032258064513,0.4307740833610296
1284-1180-0004_mixed_white1_nonwhite4_snr5.wav,5,True,0.06429288536310196,0.1676553754664179,0.11620910146846106,0.0,0.3592382401227951
7729-102255-0045_mixed_white1_nonwhite4_snr5.wav,5,True,0.052997346967458725,0.25315663512323944,0.18943767538873646,0.1415929203539823,0.3294705463492352
6930-76324-0011_mixed_white1_nonwhite4_snr5.wav,5,True,0.03541640564799309,0.3495874107915225,0.21825331473170118,0.3344155844155844,0.44650890124149817
1320-122617-0018_mixed_white1_nonwhite4_snr5.wav,5,True,0.06727573275566101,0.2690365227929043,0.1673004736434598,0.1486068111455109,0.2925546392798424
1188-133604-0029_mixed_white1_nonwhite4_snr0.wav,0,True,0.04164039343595505,0.23553677262931033,0.17349731127961132,0.30081300813008127,0.9112451076507568
908-31957-0013_mixed_white1_nonwhite4_snr-5.wav,-5,True,0.13401667773723602,0.29533464884020616,0.26878909029970965,0.0,0.8992613916811735
5105-28240-0007_mixed_white1_nonwhite4_snr20.wav,20,False,0.052328579127788544,0.14731613685344827,0.061310448141802455,0.23376623376623373,0.4311406793801681
5683-32866-0007_mixed_white1_nonwhite4_snr5.wav,5,True,0.10856118053197861,0.19505511143410853,0.14912130586316555,0.0,0.645316271554856
4970-29093-0010_mixed_white1_nonwhite4_snr5.wav,5,True,0.046931035816669464,0.2889674653942953,0.20342677617867636,0.12605042016806722,0.39629231085852973
61-70970-0009_mixed_white1_nonwhite4_snr10.wav,10,True,0.052207279950380325,0.2081355870327103,0.12981963192102483,0.21238938053097345,0.38016965612769127
4507-16021-0006_mixed_white1_nonwhite4_snr-5.wav,-5,True,0.1490967869758606,0.3587461529356061,0.32350643667759094,0.0,1.3419439395268757
3575-170457-0052_mixed_white1_nonwhite4_snr10.wav,10,True,0.05289817228913307,0.26653922872340424,0.168118560221869,0.36,0.4689173450072606
237-126133-0012_mixed_white1_nonwhite4_snr10.wav,10,True,0.021587183699011803,0.18635602678571428,0.11351485319968252,0.17567567567567566,0.3808785080909729
2830-3980-0076_mixed_white1_nonwhite4_snr0.wav,0,True,0.07795391976833344,0.2755458402317881,0.2525064409676998,0.0,0.893554243548163
1580-141084-0031_mixed_white1_nonwhite4_snr0.wav,0,True,0.060163140296936035,0.4949632466133005,0.20042781543594915,0.22790697674418603,0.22338840525065148
1995-1837-0004_mixed_white1_nonwhite4_snr5.wav,5,True,0.08794663101434708,0.17675535882537688,0.14198450848636482,0.014150943396226467,0.5958216694685129
5142-36377-0009_mixed_white1_nonwhite4_snr20.wav,20,False,0.05085469037294388,0.21914729716614906,0.0709502669448564,0.07602339181286555,0.4331453177664015
6829-68769-0031_mixed_white1_nonwhite4_snr20.wav,20,False,0.0649198666214943,0.20803306842672414,0.11199896074589337,0.17297297297297298,0.23238933563232422
4970-29093-0010_mixed_white1_nonwhite4_snr20.wav,20,False,0.035158898681402206,0.2592139873461969,0.13763289708445892,0.24789915966386555,0.2178640365600586
7021-85628-0005_mixed_white1_nonwhite4_snr10.wav,10,True,0.08993765711784363,0.20470180632961785,0.14777319587362744,0.20958083832335328,0.27859935760498045
8224-274381-0004_mixed_white1_nonwhite4_snr15.wav,15,False,0.04930490627884865,0.1458999060150376,0.07511071290532721,0.13983050847457623,0.29939378591684196
6930-75918-0015_mixed_white1_nonwhite4_snr10.wav,10,True,0.027237307280302048,0.281513671875,0.16792891313107344,0.2075471698113207,0.3358218383789062
672-122797-0028_mixed_white1_nonwhite4_snr20.wav,20,False,0.040431439876556396,0.21796994092987804,0.061759160137788684,0.31034482758620685,0.545623779296875
6930-75918-0014_mixed_white1_nonwhite4_snr0.wav,0,True,0.0398927740752697,0.38090014231499053,0.3719980762960299,0.2014260249554367,0.5890455793161862
672-122797-0018_mixed_white1_nonwhite4_snr-5.wav,-5,True,0.06253877282142639,0.3303868447580645,0.3110513107785753,0.0,1.0688507874806723
5142-33396-0049_mixed_white1_nonwhite4_snr0.wav,0,True,0.0590648278594017,0.31476769080528844,0.32064310935284,0.009090909090909038,0.6909807125727335
3575-170457-0051_mixed_white1_nonwhite4_snr5.wav,5,True,0.070992112159729,0.21262111911525974,0.1485310683779513,0.0,0.36929633754950303
7176-88083-0021_mixed_white1_nonwhite4_snr20.wav,20,False,0.06241806969046593,0.16390263126586294,0.09657255596275081,0.1428571428571429,0.2182238524610346
61-70968-0022_mixed_white1_nonwhite4_snr10.wav,10,True,0.03896212950348854,0.2361408390410959,0.1522325343329987,0.18709677419354842,0.5719906538724899
1284-1180-0004_mixed_white1_nonwhite4_snr20.wav,20,False,0.05231006070971489,0.15128337803171643,0.06711672981425254,0.15492957746478875,0.36809323863549664
61-70968-0045_mixed_white1_nonwhite4_snr-5.wav,-5,True,0.09505130350589752,0.28668380877293576,0.30054052604432074,0.0,1.1764319493220403
1320-122617-0024_mixed_white1_nonwhite4_snr-5.wav,-5,True,0.13887128233909607,0.1950590882120253,0.13080398011211963,0.05179282868525892,0.821939958108438
8230-279154-0035_mixed_white1_nonwhite4_snr15.wav,15,False,0.046043459326028824,0.2646587387921941,0.19910571457665183,0.21513944223107573,0.23104363747618414
4077-13751-0007_mixed_white1_nonwhite4_snr20.wav,20,False,0.0444171316921711,0.11652709734461966,0.04752018873854276,0.12020905923344949,0.27794168796390295
7021-79730-0008_mixed_white1_nonwhite4_snr-5.wav,-5,True,0.11961815506219864,0.24561741041100543,0.1983228960727065,0.05102040816326525,0.6464743553063809
6930-81414-0015_mixed_white1_nonwhite4_snr10.wav,10,True,0.04252248257398605,0.2703700921474359,0.11257449395550395,0.25806451612903225,0.5415252447128296
5142-36600-0000_mixed_white1_nonwhite4_snr15.wav,15,False,0.036429740488529205,0.21264339398734178,0.07590697569656764,0.19047619047619047,0.5072860469420751
8230-279154-0022_mixed_white1_nonwhite4_snr20.wav,20,False,0.041145287454128265,0.21666634436881188,0.12086510753974161,0.21962616822429903,0.25066670917329337
1284-134647-0006_mixed_white1_nonwhite4_snr0.wav,0,True,0.07290587574243546,0.24623654923349056,0.20506121563980972,0.10946745562130178,0.9916787544886271
61-70968-0022_mixed_white1_nonwhite4_snr0.wav,0,True,0.0550665520131588,0.3326700288955479,0.29568247142293247,0.07096774193548383,0.965558344667608
237-134500-0011_mixed_white1_nonwhite4_snr15.wav,15,False,0.0812668651342392,0.1445498511904762,0.05862246718350915,0.19819819819819817,0.28915179818868636
237-134493-0010_mixed_white1_nonwhite4_snr5.wav,5,True,0.09625057876110077,0.10394965277777778,0.03544954197595764,0.0,0.4922068119049072
61-70970-0009_mixed_white1_nonwhite4_snr0.wav,0,True,0.07566730678081512,0.22666289427570094,0.19106423718702092,0.0,0.6538463005652795
61-70970-0009_mixed_white1_nonwhite4_snr20.wav,20,False,0.04835432395339012,0.16916891793224298,0.07940968734137345,0.20353982300884954,0.4307236154874166
2961-961-0013_mixed_white1_nonwhite4_snr15.wav,15,False,0.026179518550634384,0.22886136451863354,0.1276452172014086,0.35882352941176465,0.38619080711813536
5105-28240-0007_mixed_white1_nonwhite4_snr10.wav,10,True,0.05910656228661537,0.17159213362068965,0.09026011721013139,0.2142857142857143,0.42411004719526874
2830-3980-0041_mixed_white1_nonwhite4_snr-5.wav,-5,True,0.13739410042762756,0.33259931576797386,0.3071920253953691,0.0,0.9034790396690369
1995-1837-0021_mixed_white1_nonwhite4_snr0.wav,0,True,0.0983695462346077,0.136144893685567,0.08010689407872171,0.0,1.0191785171627998
4077-13751-0007_mixed_white1_nonwhite4_snr0.wav,0,True,0.06671128422021866,0.28809771422773656,0.21214127287242895,0.19512195121951215,0.37446718927352657
237-126133-0012_mixed_white1_nonwhite4_snr20.wav,20,False,0.019691282883286476,0.1631138392857143,0.0762660255450299,0.14189189189189189,0.2855617498096667
2830-3980-0076_mixed_white1_nonwhite4_snr-5.wav,-5,True,0.11563413590192795,0.2963382139900662,0.29505268628809256,0.0,0.9473153799772263
3575-170457-0052_mixed_white1_nonwhite4_snr20.wav,20,False,0.046833477914333344,0.24380817819148937,0.11178900092441972,0.31999999999999995,0.3226969792292668
8224-274381-0004_mixed_white1_nonwhite4_snr5.wav,5,True,0.05919453501701355,0.1953602267387218,0.13660001374108627,0.10875706214689262,0.39576057692368827
8230-279154-0040_mixed_white1_nonwhite4_snr0.wav,0,True,0.08028664439916611,0.3716250598659004,0.37436564754941126,0.0,0.70710631779262
8455-210777-0003_mixed_white1_nonwhite4_snr15.wav,15,False,0.0701417550444603,0.26788184756324407,0.2169047491976578,0.25210084033613445,0.19593747650704732
6829-68769-0031_mixed_white1_nonwhite4_snr10.wav,10,True,0.07065632939338684,0.2248030037715517,0.16425542794794773,0.1459459459459459,0.24858533591032028
5105-28240-0007_mixed_white1_nonwhite4_snr5.wav,5,True,0.06999663263559341,0.18689722521551724,0.10951304799374188,0.0,0.4498867229981856
5142-36377-0009_mixed_white1_nonwhite4_snr10.wav,10,True,0.05465434119105339,0.2511554978649068,0.1446207527008398,0.07602339181286555,0.5200981851667166
5683-32866-0030_mixed_white1_nonwhite4_snr0.wav,0,True,0.06582435220479965,0.3905382658305921,0.40985496143611766,0.0,0.8947099787848336
4970-29093-0010_mixed_white1_nonwhite4_snr10.wav,10,True,0.03986149653792381,0.2775829750419463,0.17753579758874574,0.23319327731092432,0.26808212846517565
7021-85628-0005_mixed_white1_nonwhite4_snr20.wav,20,False,0.08176293224096298,0.1828193421576433,0.1161383212044869,0.19161676646706582,0.2713618233799934
2961-961-0012_mixed_white1_nonwhite4_snr-5.wav,-5,True,0.06296958774328232,0.39984355804668303,0.4149328987963393,0.0,0.9293939179562509
4507-16021-0016_mixed_white1_nonwhite4_snr5.wav,5,True,0.04791963845491409,0.2612277560763889,0.19228411925874042,0.24521739130434783,0.373320004769734
6930-75918-0015_mixed_white1_nonwhite4_snr20.wav,20,False,0.025271162390708923,0.243271484375,0.08558360279234396,0.14150943396226412,0.26548573493957517
672-122797-0028_mixed_white1_nonwhite4_snr10.wav,10,True,0.04574020206928253,0.26853086890243905,0.0959745081451207,0.33333333333333337,0.645356708102756
2830-3980-0041_mixed_white1_nonwhite4_snr5.wav,5,True,0.07327161729335785,0.29567823223039214,0.21995323780531997,0.030674846625766916,0.35974278169519763
7176-88083-0021_mixed_white1_nonwhite4_snr10.wav,10,True,0.06801515817642212,0.21420427506345177,0.1515051392931249,0.1071428571428571,0.3384644482974653
8463-294825-0015_mixed_white1_nonwhite4_snr15.wav,15,False,0.037471894174814224,0.1834740732230392,0.09283604275457488,0.40740740740740744,0.415736364821593
1284-1180-0004_mixed_white1_nonwhite4_snr10.wav,10,True,0.056706175208091736,0.15819219333022388,0.09370913484900255,0.08450704225352113,0.33036471605300904
61-70968-0022_mixed_white1_nonwhite4_snr20.wav,20,False,0.03657212108373642,0.15248755886130136,0.06599779345095139,0.10967741935483866,0.399294576048851
672-122797-0065_mixed_white1_nonwhite4_snr5.wav,5,True,0.030525293201208115,0.19896689967105263,0.13215879681061599,0.2178217821782178,0.6079324086507162
4077-13751-0007_mixed_white1_nonwhite4_snr10.wav,10,True,0.047661930322647095,0.1904813239216141,0.09898482971046611,0.14111498257839716,0.17386880589108314
6829-68769-0031_mixed_white1_nonwhite4_snr0.wav,0,True,0.10205194354057312,0.2570464035560345,0.2459882561030791,0.01621621621621616,0.7571947288513183
4507-16021-0016_mixed_white1_nonwhite4_snr15.wav,15,False,0.03905670344829559,0.240576171875,0.14188123027813584,0.25043478260869567,0.24468257757169862
7176-88083-0000_mixed_white1_nonwhite4_snr-5.wav,-5,True,0.16736508905887604,0.32289655021067415,0.2941610235390988,0.0,1.0532487507524162
1995-1837-0021_mixed_white1_nonwhite4_snr15.wav,15,False,0.06564751267433167,0.09334729381443299,0.038953734107622345,0.07766990291262132,0.2593182900122234
672-122797-0028_mixed_white1_nonwhite4_snr0.wav,0,True,0.07106631249189377,0.30096584413109756,0.13401948630712726,0.06896551724137934,1.1957439846462674
6829-68771-0027_mixed_white1_nonwhite4_snr20.wav,20,False,0.0628434345126152,0.2544530080464072,0.16720154811065338,0.22598870056497178,0.34665512666106224
7176-92135-0038_mixed_white1_nonwhite4_snr-5.wav,-5,True,0.1709461510181427,0.4473453097873264,0.34809818714923413,0.0,0.9696274413618932
4446-2273-0003_mixed_white1_nonwhite4_snr0.wav,0,True,0.06028375402092934,0.3007114955357143,0.2506680773022944,0.15325670498084287,0.39680328126996756
7176-92135-0019_mixed_white1_nonwhite4_snr10.wav,10,True,0.0673828274011612,0.1732177734375,0.1375577483618427,0.21250000000000002,0.5903163850307465
6930-75918-0000_mixed_white1_nonwhite4_snr10.wav,10,True,0.027442026883363724,0.28415305397727275,0.13958621162762228,0.09482758620689657,0.350912128176008
237-134500-0023_mixed_white1_nonwhite4_snr-5.wav,-5,True,0.16699187457561493,0.355621337890625,0.2557067913300089,0.0,1.0296546667814255
2961-961-0010_mixed_white1_nonwhite4_snr5.wav,5,True,0.046076878905296326,0.3457669005102041,0.3073478574713885,0.3448275862068966,0.2950269753734271
1320-122617-0038_mixed_white1_nonwhite4_snr10.wav,10,True,0.06540058553218842,0.15360227772887325,0.11446473267306377,0.16216216216216217,0.32399107109416614
5142-33396-0049_mixed_white1_nonwhite4_snr20.wav,20,False,0.03448830172419548,0.2526714618389423,0.13694833217857733,0.12727272727272732,0.48729194328188896
6930-75918-0015_mixed_white1_nonwhite4_snr5.wav,5,True,0.030730580911040306,0.30249755859375,0.22142559178483917,0.28301886792452835,0.4770524475885474
6829-68771-0000_mixed_white1_nonwhite4_snr5.wav,5,True,0.06947070360183716,0.34003110011990406,0.2746815793059198,0.1444695259593679,0.21308182782315194
61-70968-0037_mixed_white1_nonwhite4_snr10.wav,10,True,0.0434260256588459,0.2166232638888889,0.16256795975607452,0.2727272727272727,0.45294164356432465
4446-2273-0003_mixed_white1_nonwhite4_snr15.wav,15,False,0.03763347864151001,0.2457928093112245,0.13797130854377707,0.27586206896551724,0.15021792325106534
7176-88083-0021_mixed_white1_nonwhite4_snr5.wav,5,True,0.07728791236877441,0.24736774270304568,0.19464887002390494,0.06666666666666665,0.6713739065896898
1320-122617-0038_mixed_white1_nonwhite4_snr0.wav,0,True,0.09610280394554138,0.1985654159330986,0.16788782659834411,0.0,0.647514080007871
2830-3980-0015_mixed_white1_nonwhite4_snr10.wav,10,True,0.055455055087804794,0.14010184151785715,0.0778885834535987,0.1235955056179775,0.38766710460186005
4446-2273-0022_mixed_white1_nonwhite4_snr0.wav,0,True,0.03962451219558716,0.29991348930027173,0.2842325550083022,0.23076923076923073,0.498199999332428
7127-75947-0039_mixed_white1_nonwhite4_snr10.wav,10,True,0.050805844366550446,0.2609530009920635,0.20023935244855126,0.21194029850746265,0.22484670006311858
61-70970-0022_mixed_white1_nonwhite4_snr-5.wav,-5,True,0.12339011579751968,0.27464453125,0.201778635731009,0.0,1.2603040089209874
5683-32866-0001_mixed_white1_nonwhite4_snr10.wav,10,True,0.05158905312418938,0.2519172878440367,0.15585128918226984,0.24347826086956526,0.4303387620232322
8455-210777-0007_mixed_white1_nonwhite4_snr15.wav,15,False,0.043041229248046875,0.16226050967261904,0.09831441271175942,0.3258426966292135,0.6688574684990777
1188-133604-0029_mixed_white1_nonwhite4_snr15.wav,15,False,0.025443337857723236,0.19285004714439655,0.13255740687484868,0.36585365853658536,0.44815948605537415
1995-1826-0010_mixed_white1_nonwhite4_snr10.wav,10,True,0.060597702860832214,0.22864879261363635,0.19667986584247066,0.2592592592592593,0.3751035982912237
3575-170457-0008_mixed_white1_nonwhite4_snr-5.wav,-5,True,0.11350888758897781,0.2851574016067217,0.23142300789028272,0.0,0.8886763662099838
4970-29093-0022_mixed_white1_nonwhite4_snr0.wav,0,True,0.05868247151374817,0.35157001201923077,0.3340215900894107,0.1594202898550725,0.99784030392766
1284-134647-0006_mixed_white1_nonwhite4_snr-5.wav,-5,True,0.10507917404174805,0.28245534836871067,0.2570484477437032,0.0,0.8996426641941071
3570-5695-0014_mixed_white1_nonwhite4_snr10.wav,10,True,0.06500900536775589,0.1536236387310606,0.06839575798876071,0.0883190883190883,0.33950237049297854
5142-33396-0033_mixed_white1_nonwhite4_snr0.wav,0,True,0.0694369524717331,0.28005282850150603,0.24019358356960044,0.11363636363636365,0.503841600110454
6930-81414-0007_mixed_white1_nonwhite4_snr-5.wav,-5,True,0.0877138152718544,0.31060746464416056,0.28803727871614904,0.0,0.8368954807519913
3575-170457-0051_mixed_white1_nonwhite4_snr-5.wav,-5,True,0.13322097063064575,0.25516500101461037,0.22079484895326718,0.0,1.3772352422986711
1320-122617-0018_mixed_white1_nonwhite4_snr15.wav,15,False,0.056916654109954834,0.19704323948019803,0.1004341990734124,0.1486068111455109,0.27722078977629194
5142-36377-0009_mixed_white1_nonwhite4_snr5.wav,5,True,0.061382584273815155,0.27613972729037267,0.19949608474402591,0.052631578947368474,0.680380848146254
7176-88083-0000_mixed_white1_nonwhite4_snr5.wav,5,True,0.09024757146835327,0.25453717521067415,0.1864421470497428,0.031746031746031744,0.7304350386063257
8230-279154-0040_mixed_white1_nonwhite4_snr20.wav,20,False,0.04807175695896149,0.23083636404454022,0.14230951646929427,0.16546762589928055,0.20772261310506748
672-122797-0028_mixed_white1_nonwhite4_snr5.wav,5,True,0.053876843303442,0.28721060403963417,0.11556390200699768,0.29885057471264365,0.5956501109259469
1995-1837-0021_mixed_white1_nonwhite4_snr10.wav,10,True,0.06902705878019333,0.10067654639175258,0.04701183351841462,0.07766990291262132,0.2568167916366032
4446-2273-0003_mixed_white1_nonwhite4_snr5.wav,5,True,0.046401720494031906,0.28065210459183676,0.2083111741684031,0.2145593869731801,0.19088444565281723
6829-68769-0033_mixed_white1_nonwhite4_snr20.wav,20,False,0.055587634444236755,0.15123155381944445,0.07450927071975026,0.14925373134328357,0.30403065532445905
5683-32866-0007_mixed_white1_nonwhite4_snr20.wav,20,False,0.08257947117090225,0.16773785731589147,0.08452493203301022,0.27007299270072993,0.28253092652275447
2961-961-0010_mixed_white1_nonwhite4_snr0.wav,0,True,0.06054134666919708,0.37845982142857143,0.36832658942211294,0.05747126436781613,0.4876723438501358
5683-32866-0030_mixed_white1_nonwhite4_snr20.wav,20,False,0.03652244433760643,0.24573396381578946,0.175317345179911,0.2422360248447205,0.3548894852399826
7176-92135-0019_mixed_white1_nonwhite4_snr15.wav,15,False,0.06238512694835663,0.15685392680921054,0.11708568879177206,0.23750000000000004,0.577746319770813
6930-75918-0000_mixed_white1_nonwhite4_snr15.wav,15,False,0.025897551327943802,0.2740411931818182,0.11315266986625233,0.07758620689655171,0.30749490218503134
3575-170457-0037_mixed_white1_nonwhite4_snr-5.wav,-5,True,0.1279851198196411,0.2621927347269144,0.23596842408442956,0.0,0.8589681473331174
1320-122617-0038_mixed_white1_nonwhite4_snr15.wav,15,False,0.06149763986468315,0.14570725132042253,0.09544721836140249,0.20270270270270274,0.38672108541835437
3570-5694-0022_mixed_white1_nonwhite4_snr-5.wav,-5,True,0.1618749052286148,0.3150679976851852,0.2985262015060555,0.0,1.1576239013671874
6930-75918-0015_mixed_white1_nonwhite4_snr0.wav,0,True,0.038705769926309586,0.31839599609375,0.2762220185124238,0.33018867924528306,0.740643839041392
4446-2273-0022_mixed_white1_nonwhite4_snr-5.wav,-5,True,0.0582813136279583,0.31583570397418476,0.323121529360565,0.07179487179487176,0.77949481514784
61-70968-0037_mixed_white1_nonwhite4_snr15.wav,15,False,0.04081382602453232,0.16837745949074073,0.10743970403521383,0.25874125874125875,0.4320477435463353
1995-1826-0009_mixed_white1_nonwhite4_snr20.wav,20,False,0.053870029747486115,0.19476035073839662,0.09286108798260735,0.13095238095238093,0.21491307225720635
6829-68771-0000_mixed_white1_nonwhite4_snr0.wav,0,True,0.0883447453379631,0.3750070256294964,0.34858989235537596,0.0,0.492454802760711
4446-2273-0003_mixed_white1_nonwhite4_snr10.wav,10,True,0.040207985788583755,0.2617924904336735,0.16926901716677437,0.30651340996168586,0.14308995911569306
4446-2275-0009_mixed_white1_nonwhite4_snr20.wav,20,False,0.045576516538858414,0.22481652462121213,0.14229163602146017,0.21739130434782605,0.31266160986640235
237-134493-0010_mixed_white1_nonwhite4_snr20.wav,20,False,0.07391051948070526,0.12060546875,0.041480441227255936,0.21052631578947367,0.49817805940454657
1320-122617-0038_mixed_white1_nonwhite4_snr5.wav,5,True,0.07468967884778976,0.17358742297535212,0.13759735761978104,0.05405405405405406,0.5997093157334761
7176-88083-0021_mixed_white1_nonwhite4_snr0.wav,0,True,0.09814505279064178,0.28689497739530456,0.2509946132925915,0.0,0.6716737787602312
4970-29093-0022_mixed_white1_nonwhite4_snr-5.wav,-5,True,0.08823026716709137,0.3685196314102564,0.3680099606513077,0.0,1.0649831771850586
2830-3980-0015_mixed_white1_nonwhite4_snr15.wav,15,False,0.053011078387498856,0.1023588634672619,0.0427229129802003,0.1910112359550562,0.36805220586912973
6829-68771-0000_mixed_white1_nonwhite4_snr-5.wav,-5,True,0.12896279990673065,0.4101457115557554,0.417317893407444,0.0,0.7664622153554644
7176-88083-0014_mixed_white1_nonwhite4_snr20.wav,20,False,0.059623993933200836,0.20059329516267124,0.11555685886803271,0.19354838709677424,0.2690585121512413
4446-2273-0022_mixed_white1_nonwhite4_snr5.wav,5,True,0.030643252655863762,0.282173488451087,0.24155521955233156,0.3128205128205128,0.19839065551757812
5683-32866-0001_mixed_white1_nonwhite4_snr15.wav,15,False,0.04769890382885933,0.23790943950688073,0.12739308457421758,0.25217391304347825,0.45608146624131635
8455-210777-0007_mixed_white1_nonwhite4_snr10.wav,10,True,0.048621874302625656,0.16042364211309523,0.10215790785604006,0.1910112359550562,0.9451221585273742
7127-75947-0039_mixed_white1_nonwhite4_snr15.wav,15,False,0.04759710654616356,0.23441530257936508,0.15701032466026402,0.17910447761194026,0.2524953939020634
1995-1826-0010_mixed_white1_nonwhite4_snr15.wav,15,False,0.05601166933774948,0.21214234983766234,0.16778807780134533,0.24691358024691357,0.3864211927760731
1188-133604-0029_mixed_white1_nonwhite4_snr10.wav,10,True,0.027402319014072418,0.20819302262931033,0.15280842285580906,0.38211382113821135,0.4848683980795053
6930-75918-0001_mixed_white1_nonwhite4_snr-5.wav,-5,True,0.07723172008991241,0.43745940133426964,0.4768051044624387,0.0,1.09322618265621
2094-142345-0008_mixed_white1_nonwhite4_snr20.wav,20,False,0.07052066922187805,0.14828904277146465,0.06800188691025397,0.18293838862559242,0.18796357400403454
3570-5695-0014_mixed_white1_nonwhite4_snr15.wav,15,False,0.061986010521650314,0.14427379261363638,0.05324530026783084,0.12250712250712248,0.2864115555649218
4970-29093-0022_mixed_white1_nonwhite4_snr5.wav,5,True,0.043851837515830994,0.3328200120192308,0.29158022985478266,0.28019323671497587,0.5529715352588229
5142-33396-0033_mixed_white1_nonwhite4_snr5.wav,5,True,0.05380759760737419,0.26588384789156627,0.20085015552549285,0.18181818181818177,0.3654679944438319
1320-122617-0016_mixed_white1_nonwhite4_snr20.wav,20,False,0.06317584961652756,0.14499326295490506,0.08216085458950777,0.13095238095238093,0.29291567919046985
1320-122617-0018_mixed_white1_nonwhite4_snr10.wav,10,True,0.060053274035453796,0.22760674504950495,0.12909858378567035,0.13931888544891646,0.28895795761152754
7176-88083-0000_mixed_white1_nonwhite4_snr0.wav,0,True,0.11454762518405914,0.2921896945224719,0.24101877418879628,0.0,0.9697027587890625
5142-36377-0009_mixed_white1_nonwhite4_snr0.wav,0,True,0.07672139257192612,0.3056034064440994,0.2636686817400135,0.011695906432748537,0.7815544870164659
8455-210777-0050_mixed_white1_nonwhite4_snr20.wav,20,False,0.05899384245276451,0.14278682585685484,0.07825011228072645,0.14503816793893132,0.3462965348187615
5142-36600-0000_mixed_white1_nonwhite4_snr10.wav,10,True,0.03877265751361847,0.21483138844936708,0.09405941854142344,0.23809523809523814,0.43722334233197296
1580-141084-0031_mixed_white1_nonwhite4_snr-5.wav,-5,True,0.0882820188999176,0.5403277016625616,0.21583997401193175,0.10697674418604652,0.3891234438994835
6930-81414-0015_mixed_white1_nonwhite4_snr15.wav,15,False,0.0402214415371418,0.25923561030982906,0.08573279686318319,0.25,0.436819139868021
5142-33396-0042_mixed_white1_nonwhite4_snr-5.wav,-5,True,0.11929944157600403,0.34321825916230364,0.38421266691166306,0.0,0.9693459421396255
1284-134647-0006_mixed_white1_nonwhite4_snr5.wav,5,True,0.05759955942630768,0.21307334659984276,0.15760046579654607,0.1124260355029586,0.5024418895309036
237-134500-0011_mixed_white1_nonwhite4_snr10.wav,10,True,0.08712520450353622,0.14348028273809524,0.06485024819910234,0.0,0.4205794648120278
61-70968-0022_mixed_white1_nonwhite4_snr5.wav,5,True,0.04364366829395294,0.2870826198630137,0.22064573704642387,0.16774193548387095,0.5193353972651742
8224-274384-0007_mixed_white1_nonwhite4_snr-5.wav,-5,True,0.11141510307788849,0.2328425480769231,0.21835164558497236,0.02898550724637683,0.815716842125202
5142-33396-0033_mixed_white1_nonwhite4_snr-5.wav,-5,True,0.1016494482755661,0.29450418862951805,0.27284606714353116,0.0,0.6922684093316396
61-70970-0009_mixed_white1_nonwhite4_snr5.wav,5,True,0.05923103168606758,0.21749507155373832,0.16140819000236903,0.053097345132743334,0.4637670282806669
1580-141084-0040_mixed_white1_nonwhite4_snr-5.wav,-5,True,0.08466064184904099,0.32845744680851063,0.3415068426732903,0.11055276381909551,0.6886604888872667
237-134493-0010_mixed_white1_nonwhite4_snr0.wav,0,True,0.12648837268352509,0.09977213541666667,0.036633993559180525,0.0,0.6283182447606867
5105-28240-0007_mixed_white1_nonwhite4_snr15.wav,15,False,0.054358310997486115,0.1560748922413793,0.07379915329262549,0.24025974025974028,0.42926768375479657
2961-961-0005_mixed_white1_nonwhite4_snr-5.wav,-5,True,0.06375087797641754,0.2178024033368644,0.1853616327827989,0.0,0.9931759536266327
2961-961-0013_mixed_white1_nonwhite4_snr10.wav,10,True,0.0284647885710001,0.2301351416925466,0.14547173030804084,0.44705882352941173,0.46739394776523113
1995-1837-0021_mixed_white1_nonwhite4_snr5.wav,5,True,0.07765629142522812,0.11506322487113402,0.06077727189482513,0.0,0.9914403597513834
8224-274381-0004_mixed_white1_nonwhite4_snr0.wav,0,True,0.074114128947258,0.22803395206766916,0.1810729538507899,0.09887005649717517,0.7335937952294069
4077-13751-0007_mixed_white1_nonwhite4_snr5.wav,5,True,0.0534895658493042,0.24150082618274582,0.15076845992428292,0.1707317073170732,0.20198721751090018
5105-28240-0007_mixed_white1_nonwhite4_snr0.wav,0,True,0.093715600669384,0.19927936422413794,0.12643496026305237,0.0,0.5644954386211577
5142-36377-0009_mixed_white1_nonwhite4_snr15.wav,15,False,0.05191585049033165,0.23208523388975155,0.10195936689989471,0.08771929824561409,0.4306766018271446
8230-279154-0040_mixed_white1_nonwhite4_snr5.wav,5,True,0.061661746352910995,0.3331275443007663,0.30246200839298804,0.19064748201438853,0.32931034088134764
6829-68769-0031_mixed_white1_nonwhite4_snr15.wav,15,False,0.06661560386419296,0.21507666576867815,0.13466764136235077,0.19999999999999996,0.2372788667678833
8455-210777-0003_mixed_white1_nonwhite4_snr10.wav,10,True,0.07610689848661423,0.2988077799479167,0.26112837495409924,0.2184873949579832,0.21208609022745273
4970-29093-0010_mixed_white1_nonwhite4_snr15.wav,15,False,0.03661373257637024,0.26748090569071586,0.15576466141819045,0.273109243697479,0.2720028070672866
5683-32866-0030_mixed_white1_nonwhite4_snr5.wav,5,True,0.04921650141477585,0.35170705694901316,0.33817296993189033,0.2981366459627329,0.7480746851517603
8224-274381-0004_mixed_white1_nonwhite4_snr20.wav,20,False,0.0480024553835392,0.1278276257048872,0.054734608812064926,0.13559322033898302,0.26709408019528247
4507-16021-0016_mixed_white1_nonwhite4_snr0.wav,0,True,0.06109526753425598,0.27821632667824076,0.22977307826211038,0.17739130434782613,0.7379811799751138
672-122797-0028_mixed_white1_nonwhite4_snr15.wav,15,False,0.04203663393855095,0.24503382240853658,0.07725168480982793,0.32183908045977017,0.6017710367838541
2830-3980-0041_mixed_white1_nonwhite4_snr0.wav,0,True,0.09373994916677475,0.31433185253267976,0.2682074049479267,0.0,0.42775989981258616
8463-294825-0015_mixed_white1_nonwhite4_snr10.wav,10,True,0.04117565602064133,0.1740100337009804,0.09655150416333093,0.38888888888888884,0.43604859958092373
7176-88083-0021_mixed_white1_nonwhite4_snr15.wav,15,False,0.0640641450881958,0.18649245518718274,0.12008600987895719,0.13571428571428568,0.22070692452517424
1284-1180-0004_mixed_white1_nonwhite4_snr15.wav,15,False,0.05358707159757614,0.15316726912313433,0.07784755219284197,0.15492957746478875,0.36000474068251526
672-122797-0065_mixed_white1_nonwhite4_snr0.wav,0,True,0.03920193389058113,0.21873458059210527,0.16150677467708638,0.14851485148514854,0.6458028157552084
1995-1837-0004_mixed_white1_nonwhite4_snr-5.wav,-5,True,0.16292597353458405,0.24276165986180903,0.23120821543035402,0.0,1.2337574283281962
4507-16021-0016_mixed_white1_nonwhite4_snr10.wav,10,True,0.041821375489234924,0.24880913628472223,0.1632235911463023,0.23826086956521741,0.2831913243640553
4077-13751-0007_mixed_white1_nonwhite4_snr15.wav,15,False,0.045299630612134933,0.14500050730519481,0.06516021037280095,0.127177700348432,0.2578264181731177
8230-279154-0035_mixed_white1_nonwhite4_snr20.wav,20,False,0.044678449630737305,0.23698534744198313,0.16162813174661458,0.1872509960159362,0.2213983549313112
6829-68769-0031_mixed_white1_nonwhite4_snr5.wav,5,True,0.0802169069647789,0.23922975035919541,0.20088619296725846,0.021621621621621623,0.2774087091286977
4992-23283-0016_mixed_white1_nonwhite4_snr-5.wav,-5,True,0.07594119757413864,0.23685449911347517,0.16496206159890783,0.0,1.025398227903578
3575-170457-0037_mixed_white1_nonwhite4_snr5.wav,5,True,0.06706086546182632,0.23144751196509009,0.1789402095159215,0.14164904862579286,0.26573375750471045
8455-210777-0003_mixed_white1_nonwhite4_snr5.wav,5,True,0.0891384705901146,0.33761742001488093,0.321313016096611,0.0,0.2500342741245177
2961-961-0013_mixed_white1_nonwhite4_snr0.wav,0,True,0.044024065136909485,0.24263028920807453,0.18973743751212313,0.04705882352941182,0.6299690919763902
672-122797-0018_mixed_white1_nonwhite4_snr15.wav,15,False,0.02642805129289627,0.24921875,0.12342756665248099,0.2195121951219512,0.5683771582210765
8230-279154-0022_mixed_white1_nonwhite4_snr5.wav,5,True,0.052179884165525436,0.27384359529702973,0.22670664164031842,0.25233644859813087,0.34516252222515287
7729-102255-0045_mixed_white1_nonwhite4_snr10.wav,10,True,0.04636828973889351,0.2331027178697183,0.1572620801728097,0.17699115044247793,0.33977097616745877
7021-79730-0008_mixed_white1_nonwhite4_snr15.wav,15,False,0.05719907954335213,0.17396346382472827,0.10268044468318753,0.1377551020408163,0.31542833066648907
1995-1837-0004_mixed_white1_nonwhite4_snr20.wav,20,False,0.07089722156524658,0.13038826947236182,0.07962807848170252,0.15094339622641506,0.26822490041906183
1320-122617-0024_mixed_white1_nonwhite4_snr15.wav,15,False,0.06706203520298004,0.12491964992088607,0.056743072188800536,0.0677290836653387,0.1860258267261088
61-70968-0045_mixed_white1_nonwhite4_snr15.wav,15,False,0.04218785837292671,0.1912046659977064,0.10816682522089062,0.24347826086956526,0.4968014359474182
3729-6852-0024_mixed_white1_nonwhite4_snr10.wav,10,True,0.0420277863740921,0.21741216582369943,0.14624796991922537,0.17486338797814205,0.2913027587144271
8230-279154-0035_mixed_white1_nonwhite4_snr-5.wav,-5,True,0.11125966906547546,0.4179213640559072,0.45216487755429996,0.0,1.4122908380296495
4992-23283-0016_mixed_white1_nonwhite4_snr20.wav,20,False,0.03155216574668884,0.16760859929078015,0.06552696229167397,0.12751677852348997,0.3568904540118049
8224-274381-0004_mixed_white1_nonwhite4_snr-5.wav,-5,True,0.10492106527090073,0.263487576362782,0.23365811637307232,0.0028248587570621764,0.9073498739350228
672-122797-0018_mixed_white1_nonwhite4_snr5.wav,5,True,0.03261894732713699,0.2962544102822581,0.21799883348740404,0.3414634146341463,0.6660107930501302
4507-16021-0006_mixed_white1_nonwhite4_snr15.wav,15,False,0.06005540490150452,0.28584428267045453,0.18424614242872853,0.2857142857142857,0.582776241004467
2961-961-0005_mixed_white1_nonwhite4_snr20.wav,20,False,0.026493806391954422,0.2170203257415254,0.08506726805655185,0.264,0.3295541048049927
1580-141083-0000_mixed_white1_nonwhite4_snr0.wav,0,True,0.03712983429431915,0.33347342354910714,0.2925961397954098,0.34563758389261745,0.2430682617264825
7021-79730-0000_mixed_white1_nonwhite4_snr10.wav,10,True,0.06918191909790039,0.11787236201298701,0.07228797493864335,0.03703703703703709,0.39918878343370223
6930-75918-0014_mixed_white1_nonwhite4_snr10.wav,10,True,0.02727571316063404,0.33069890002371916,0.22325549469435604,0.285204991087344,0.353659987449646
1320-122617-0024_mixed_white1_nonwhite4_snr0.wav,0,True,0.0986652597784996,0.17179464992088608,0.10231059221448689,0.07171314741035861,0.34962935833369985
237-134500-0011_mixed_white1_nonwhite4_snr0.wav,0,True,0.12983395159244537,0.1484561011904762,0.08432229611279164,0.0,0.5299040496349334
8230-279154-0034_mixed_white1_nonwhite4_snr15.wav,15,False,0.04608488827943802,0.23543115019273128,0.14664095753183268,0.1759834368530021,0.2154137035831809
1580-141084-0031_mixed_white1_nonwhite4_snr20.wav,20,False,0.03840500861406326,0.308961764932266,0.12378496566390865,0.11627906976744184,0.19760081480289327
2300-131720-0010_mixed_white1_nonwhite4_snr10.wav,10,True,0.08437150716781616,0.14300447087020648,0.08161683717127871,0.1166666666666667,0.2639741897583008
5142-33396-0042_mixed_white1_nonwhite4_snr20.wav,20,False,0.04735781252384186,0.24103454270287958,0.12020238367813128,0.13793103448275867,0.3076668749252955
5142-33396-0033_mixed_white1_nonwhite4_snr20.wav,20,False,0.04215414077043533,0.2353456795933735,0.10134045572551381,0.11931818181818177,0.16893033959247447
1580-141084-0040_mixed_white1_nonwhite4_snr20.wav,20,False,0.03811674937605858,0.27984749002659576,0.13839781776166152,0.18592964824120606,0.3254906904129755
908-31957-0013_mixed_white1_nonwhite4_snr15.wav,15,False,0.05035054311156273,0.24333772954252578,0.17454483290996453,0.47572815533980584,0.5617941826581955
8224-274384-0007_mixed_white1_nonwhite4_snr20.wav,20,False,0.046535395085811615,0.1435321514423077,0.10769398524497933,0.2946859903381642,0.38921273889995756
2300-131720-0010_mixed_white1_nonwhite4_snr5.wav,5,True,0.09456310421228409,0.16180689988938052,0.10377838494988709,0.07499999999999996,0.3338607069518831
61-70968-0045_mixed_white1_nonwhite4_snr5.wav,5,True,0.050900254398584366,0.24983873279816513,0.2015287966756074,0.23478260869565215,0.6556451506912708
5639-40744-0034_mixed_white1_nonwhite4_snr10.wav,10,True,0.02947220578789711,0.3017721737132353,0.1832464490722169,0.2551724137931034,0.2698238742351532
6930-75918-0001_mixed_white1_nonwhite4_snr20.wav,20,False,0.03316956013441086,0.30001426439606743,0.11427551423217877,0.11392405063291144,0.18959017594655356
908-31957-0017_mixed_white1_nonwhite4_snr0.wav,0,True,0.064706951379776,0.3497794729764344,0.24719361102794737,0.11196911196911197,0.9842099675110408
2094-142345-0008_mixed_white1_nonwhite4_snr-5.wav,-5,True,0.15844997763633728,0.31971669823232324,0.29982698489462045,0.0,0.7241945742215548
1580-141084-0040_mixed_white1_nonwhite4_snr0.wav,0,True,0.05885932967066765,0.3222630277593085,0.29837778347277644,0.15577889447236182,0.32172120752788724
2961-961-0010_mixed_white1_nonwhite4_snr10.wav,10,True,0.03925873711705208,0.3169064891581633,0.2479742947868892,0.3831417624521073,0.22784587182104588
5639-40744-0003_mixed_white1_nonwhite4_snr10.wav,10,True,0.029104061424732208,0.28234229897553065,0.23629959374188125,0.28539823008849563,0.30280809182942886
8455-210777-0050_mixed_white1_nonwhite4_snr-5.wav,-5,True,0.13835977017879486,0.2270074659778226,0.19438973533985687,0.0,0.9304071939908541
8455-210777-0051_mixed_white1_nonwhite4_snr5.wav,5,True,0.07716295123100281,0.33107591711956524,0.16044521197087636,0.15053763440860213,0.5347406852245331
908-31957-0017_mixed_white1_nonwhite4_snr15.wav,15,False,0.03850353881716728,0.27378770171618855,0.16368294822796475,0.362934362934363,0.6434940374814547
6930-76324-0019_mixed_white1_nonwhite4_snr10.wav,10,True,0.03349690139293671,0.24243465470679013,0.11924471128242695,0.18823529411764706,0.44067350775003433
1320-122617-0016_mixed_white1_nonwhite4_snr-5.wav,-5,True,0.1376035511493683,0.302436152590981,0.27700725554718136,0.0,0.8239964878559113
7176-88083-0014_mixed_white1_nonwhite4_snr-5.wav,-5,True,0.14457018673419952,0.3088579569777397,0.3230419078447154,0.0,1.3612518310546875
672-122797-0065_mixed_white1_nonwhite4_snr10.wav,10,True,0.026452576741576195,0.18123972039473685,0.10891004056880482,0.29702970297029707,0.6325034035576714
4970-29093-0022_mixed_white1_nonwhite4_snr20.wav,20,False,0.03198811039328575,0.28853665865384615,0.18087645232066912,0.20772946859903385,0.18144797801971435
6829-68771-0000_mixed_white1_nonwhite4_snr20.wav,20,False,0.056679822504520416,0.2717560326738609,0.13820704834476413,0.1489841986455982,0.22694639423314264
5639-40744-0003_mixed_white1_nonwhite4_snr5.wav,5,True,0.03394118696451187,0.31175894107458724,0.2857357666052139,0.327433628318584,0.37101805238769603
7176-88083-0014_mixed_white1_nonwhite4_snr0.wav,0,True,0.09844079613685608,0.282179741010274,0.2723662487024698,0.0,0.8792412281036377
2094-142345-0036_mixed_white1_nonwhite4_snr10.wav,10,True,0.05318647250533104,0.15645476310483872,0.07136165650520998,0.16521739130434787,0.291465539932251
4992-41797-0000_mixed_white1_nonwhite4_snr0.wav,0,True,0.08017905801534653,0.28228901707848836,0.22348385812753488,0.15384615384615385,0.5913415171883323
4446-2273-0022_mixed_white1_nonwhite4_snr20.wav,20,False,0.023890282958745956,0.22636877972146738,0.13571879160744296,0.23589743589743595,0.2128276062011719
1995-1826-0009_mixed_white1_nonwhite4_snr-5.wav,-5,True,0.12113300710916519,0.2887493407172996,0.28284048125531563,0.0,0.849459110162197
6930-76324-0011_mixed_white1_nonwhite4_snr15.wav,15,False,0.029368529096245766,0.3069447448096886,0.12807787187133293,0.1428571428571429,0.3165536499337146
3570-5694-0022_mixed_white1_nonwhite4_snr20.wav,20,False,0.06840409338474274,0.18383969907407408,0.10419664130901056,0.18881118881118886,0.2821403239902697
6829-68771-0027_mixed_white1_nonwhite4_snr0.wav,0,True,0.1029764860868454,0.3330575177769461,0.33569117599871456,0.0,0.6673064150593497
1284-1180-0030_mixed_white1_nonwhite4_snr15.wav,15,False,0.0562606081366539,0.19980237610946747,0.12291159601090691,0.12407407407407411,0.17685748385144517
4446-2275-0009_mixed_white1_nonwhite4_snr-5.wav,-5,True,0.11198840290307999,0.2928651751893939,0.2776262508837449,0.0,0.4330966147509488
237-134493-0010_mixed_white1_nonwhite4_snr-5.wav,-5,True,0.1887504607439041,0.09488389756944444,0.03813040420540312,0.0,0.7848741249604658
8230-279154-0035_mixed_white1_nonwhite4_snr5.wav,5,True,0.057137373834848404,0.3392586366033755,0.31662803680491386,0.2549800796812749,0.4138171523809433
8455-210777-0051_mixed_white1_nonwhite4_snr15.wav,15,False,0.061140842735767365,0.26389869672482835,0.10819948598553232,0.1698924731182796,0.4491964624478267
6829-68769-0033_mixed_white1_nonwhite4_snr-5.wav,-5,True,0.1229715421795845,0.2066708519345238,0.15283848684023246,0.0,0.6430106813257391
5683-32866-0007_mixed_white1_nonwhite4_snr-5.wav,-5,True,0.21375425159931183,0.22364038275193798,0.20405193726578322,0.0,1.6793585594962626
1580-141083-0000_mixed_white1_nonwhite4_snr15.wav,15,False,0.02473338320851326,0.28480922154017857,0.16363835749152958,0.1912751677852349,0.18542925516764322
8230-279154-0040_mixed_white1_nonwhite4_snr-5.wav,-5,True,0.11892066150903702,0.40551570731561304,0.43725923537372335,0.0,0.9467559931934745
6930-75918-0001_mixed_white1_nonwhite4_snr0.wav,0,True,0.05219779163599014,0.4188575316011236,0.4192932642365538,0.04641350210970463,0.3153180959177952
4992-41797-0000_mixed_white1_nonwhite4_snr10.wav,10,True,0.05472755804657936,0.23203295330668605,0.1614051731124855,0.23076923076923073,0.5028031527996063
3575-170457-0037_mixed_white1_nonwhite4_snr20.wav,20,False,0.05273008719086647,0.19765383058840091,0.09588581686714455,0.22198731501057078,0.2231920563949729
5683-32866-0030_mixed_white1_nonwhite4_snr-5.wav,-5,True,0.09949717670679092,0.42162122224506576,0.46594609312246094,0.0,1.0809979932061557
1284-1180-0030_mixed_white1_nonwhite4_snr5.wav,5,True,0.06686495244503021,0.2576410718688363,0.21243814423925592,0.08333333333333337,0.38383082787195844
2830-3980-0015_mixed_white1_nonwhite4_snr0.wav,0,True,0.0784124806523323,0.24433244977678573,0.2053187766090018,0.0,0.7723375648260117
61-70968-0045_mixed_white1_nonwhite4_snr0.wav,0,True,0.06500779837369919,0.2715963661123853,0.2549519637335574,0.0,0.6764470227062702
2300-131720-0010_mixed_white1_nonwhite4_snr0.wav,0,True,0.11643150448799133,0.1878226401179941,0.13504010459647742,0.07499999999999996,0.5233096565519061
6930-81414-0007_mixed_white1_nonwhite4_snr20.wav,20,False,0.03826868161559105,0.2713560675182482,0.08974318753653628,0.096551724137931,0.3348025153664982
1580-141084-0040_mixed_white1_nonwhite4_snr5.wav,5,True,0.04665805771946907,0.3118610787898936,0.244666501897866,0.25125628140703515,0.2918250787825811
2961-961-0010_mixed_white1_nonwhite4_snr15.wav,15,False,0.03614715486764908,0.29212173150510207,0.1990924430339688,0.30651340996168586,0.22408370363215604
1284-134647-0006_mixed_white1_nonwhite4_snr20.wav,20,False,0.04680635780096054,0.1414418730345912,0.053031387174273345,0.22781065088757402,0.22925845943391324
908-31957-0017_mixed_white1_nonwhite4_snr5.wav,5,True,0.049535855650901794,0.32393658747438525,0.2173401746063456,0.2432432432432432,0.7806605425747958
5639-40744-0034_mixed_white1_nonwhite4_snr15.wav,15,False,0.0274716354906559,0.27150831035539214,0.1537757523951108,0.2206896551724138,0.23810269196446124
908-31957-0017_mixed_white1_nonwhite4_snr10.wav,10,True,0.04208528622984886,0.2983898725665984,0.19055220832437736,0.34749034749034746,0.7181629869672987
8455-210777-0051_mixed_white1_nonwhite4_snr0.wav,0,True,0.1006096601486206,0.36595729941361554,0.1923537741710326,0.06451612903225812,0.7316464960575104
5639-40744-0003_mixed_white1_nonwhite4_snr15.wav,15,False,0.026963263750076294,0.2596153403228184,0.19705145493113732,0.2522123893805309,0.2600057605721734
3575-170457-0051_mixed_white1_nonwhite4_snr20.wav,20,False,0.05768631771206856,0.1761839234983766,0.0763382596401487,0.11042944785276076,0.29744725227355956
6930-76324-0019_mixed_white1_nonwhite4_snr15.wav,15,False,0.03174187242984772,0.2369851948302469,0.094728673101101,0.15294117647058825,0.47014286617438
672-122797-0065_mixed_white1_nonwhite4_snr15.wav,15,False,0.024565942585468292,0.16385690789473684,0.08845492189363613,0.29702970297029707,0.6550233629014757
3575-170457-0008_mixed_white1_nonwhite4_snr20.wav,20,False,0.04760279133915901,0.17270530844634435,0.07832315346402827,0.12195121951219512,0.2338999251149735
5639-40744-0003_mixed_white1_nonwhite4_snr0.wav,0,True,0.04449136182665825,0.34613555332399765,0.34170835774483016,0.327433628318584,0.6308153419319643
7176-88083-0014_mixed_white1_nonwhite4_snr5.wav,5,True,0.07621174305677414,0.2540835027825342,0.22201154086711766,0.01935483870967747,0.3336373805999756
4992-41797-0000_mixed_white1_nonwhite4_snr5.wav,5,True,0.06265977025032043,0.2533015761264535,0.1880510950869651,0.20329670329670335,0.7493971933921179
61-70970-0022_mixed_white1_nonwhite4_snr20.wav,20,False,0.05530782416462898,0.0990390625,0.03552547626262087,0.12878787878787878,0.2784448955208063
2094-142345-0036_mixed_white1_nonwhite4_snr15.wav,15,False,0.05013347044587135,0.12780142929147464,0.04299093207825791,0.19999999999999996,0.29623229026794434
6930-76324-0011_mixed_white1_nonwhite4_snr10.wav,10,True,0.03108174353837967,0.32818413440743943,0.1707786880522126,0.25649350649350644,0.36201852246334676
6829-68771-0027_mixed_white1_nonwhite4_snr5.wav,5,True,0.08001634478569031,0.30084849831586824,0.2757647379247314,0.07909604519774016,0.5577235014542289
8230-279154-0035_mixed_white1_nonwhite4_snr0.wav,0,True,0.0746697336435318,0.38058948114451474,0.38902777883534917,0.0,0.999026106936591
1284-1180-0030_mixed_white1_nonwhite4_snr10.wav,10,True,0.059302035719156265,0.2229894754684418,0.1597073285993897,0.0981481481481481,0.21166698736687228
7176-92135-0038_mixed_white1_nonwhite4_snr20.wav,20,False,0.07753750681877136,0.1993221706814236,0.08662603043230732,0.09150326797385622,0.3564296946969143
8455-210777-0051_mixed_white1_nonwhite4_snr10.wav,10,True,0.06605968624353409,0.2969219286327231,0.13241433741124933,0.17419354838709677,0.44042968979248637
6930-75918-0001_mixed_white1_nonwhite4_snr5.wav,5,True,0.04057052358984947,0.3893390098314607,0.3355269247688151,0.29957805907172996,0.16719512831081043
1580-141083-0000_mixed_white1_nonwhite4_snr10.wav,10,True,0.026084067299962044,0.29945765904017857,0.19847267991247872,0.2516778523489933,0.19198409385151333
6829-68771-0027_mixed_white1_nonwhite4_snr-5.wav,-5,True,0.15110249817371368,0.3658249906437126,0.3941155187511575,0.0,0.9457131363451481
5142-33396-0049_mixed_white1_nonwhite4_snr-5.wav,-5,True,0.08816447854042053,0.33354773888221156,0.35948805262580613,0.0,1.160568706691265
4992-41797-0000_mixed_white1_nonwhite4_snr15.wav,15,False,0.05123730003833771,0.21738451580668605,0.14271853295541798,0.22527472527472525,0.40253414827234607
1284-1180-0030_mixed_white1_nonwhite4_snr0.wav,0,True,0.08465687185525894,0.30068205282297833,0.2790877451052926,0.0,0.679959389742683
2830-3980-0015_mixed_white1_nonwhite4_snr5.wav,5,True,0.062075451016426086,0.19354538690476192,0.1377668987213874,0.011235955056179803,0.5217610139113206
237-134500-0023_mixed_white1_nonwhite4_snr20.wav,20,False,0.06743589788675308,0.2099609375,0.07889855483734994,0.07843137254901966,0.2905901614576578
61-70968-0022_mixed_white1_nonwhite4_snr-5.wav,-5,True,0.0801851749420166,0.3659601080907534,0.3588828061401855,0.0,1.2036430589083968
3575-170457-0037_mixed_white1_nonwhite4_snr0.wav,0,True,0.08697181195020676,0.2454152150197072,0.20761224076889356,0.14164904862579286,0.712108386190314
8230-279154-0022_mixed_white1_nonwhite4_snr0.wav,0,True,0.06740248203277588,0.3022654316212871,0.2791171836582751,0.028037383177570097,0.5384096077510289
8455-210777-0003_mixed_white1_nonwhite4_snr0.wav,0,True,0.11703576147556305,0.3832310267857143,0.3909332122982757,0.0,0.3828813320114499
2961-961-0013_mixed_white1_nonwhite4_snr5.wav,5,True,0.03343067318201065,0.23419606463509315,0.1669150273691431,0.32352941176470584,0.48880482092499733
672-122797-0018_mixed_white1_nonwhite4_snr10.wav,10,True,0.0282584335654974,0.27238848286290324,0.16723447148254583,0.38414634146341464,0.513513945043087
7176-88083-0000_mixed_white1_nonwhite4_snr20.wav,20,False,0.07423800230026245,0.16945279582162923,0.09270509852609782,0.09523809523809523,0.2605949980872018
7021-79730-0008_mixed_white1_nonwhite4_snr10.wav,10,True,0.06078902631998062,0.18479985776154892,0.11642534366661059,0.08418367346938771,0.3549986332654953
7729-102255-0045_mixed_white1_nonwhite4_snr15.wav,15,False,0.04341252148151398,0.21972427009976525,0.1325742626540093,0.15929203539823011,0.2973531925159952
3729-6852-0024_mixed_white1_nonwhite4_snr15.wav,15,False,0.038772959262132645,0.2038955247471098,0.12127352492070845,0.21311475409836067,0.2830777012783548
1320-122617-0024_mixed_white1_nonwhite4_snr10.wav,10,True,0.07073820382356644,0.13679085904535865,0.06772725350555912,0.07569721115537853,0.2091822558466126
61-70968-0045_mixed_white1_nonwhite4_snr10.wav,10,True,0.04473043605685234,0.22209629443807338,0.15286085362600887,0.27826086956521734,0.6356749311089516
7021-85628-0005_mixed_white1_nonwhite4_snr-5.wav,-5,True,0.19001460075378418,0.2701719247611465,0.23380928470984969,0.0,0.6944054648989723
672-122797-0018_mixed_white1_nonwhite4_snr0.wav,0,True,0.04232834279537201,0.31471459173387095,0.26953091301040577,0.054878048780487854,0.955803170800209
2961-961-0012_mixed_white1_nonwhite4_snr20.wav,20,False,0.024461371824145317,0.28388815839987713,0.15989509385809453,0.21478060046189373,0.330309968524509
6930-75918-0015_mixed_white1_nonwhite4_snr-5.wav,-5,True,0.05564195662736893,0.33137451171875,0.3231401576318346,0.13207547169811318,0.9294900440034413
2830-3980-0041_mixed_white1_nonwhite4_snr20.wav,20,False,0.059436243027448654,0.19619332107843138,0.06911143282173526,0.3067484662576687,0.2930116092457491
4507-16021-0006_mixed_white1_nonwhite4_snr10.wav,10,True,0.06513334810733795,0.2901056463068182,0.21723392938922315,0.24285714285714288,0.6778814196586609
7021-79730-0000_mixed_white1_nonwhite4_snr15.wav,15,False,0.06350833177566528,0.1117973823051948,0.06659706459714797,0.09876543209876543,0.39945242140028214
1580-141083-0000_mixed_white1_nonwhite4_snr5.wav,5,True,0.02939976006746292,0.31631556919642856,0.24342176697649406,0.325503355704698,0.20483247935771942
6930-75918-0014_mixed_white1_nonwhite4_snr15.wav,15,False,0.02576909400522709,0.3042270146465844,0.15931125497189513,0.17825311942959,0.27665731058282367
61-70970-0009_mixed_white1_nonwhite4_snr-5.wav,-5,True,0.11104857921600342,0.2345027745327103,0.2140334419103226,0.0,0.8049368645463671
1320-122617-0024_mixed_white1_nonwhite4_snr5.wav,5,True,0.07937103509902954,0.15250238989978904,0.08179377120563726,0.07569721115537853,0.25675909446947504
2830-3980-0076_mixed_white1_nonwhite4_snr20.wav,20,False,0.047761887311935425,0.14316988307119205,0.0530425706360774,0.22499999999999998,0.20575983077287674
237-126133-0012_mixed_white1_nonwhite4_snr-5.wav,-5,True,0.04686833173036575,0.2602573939732143,0.22864959921091668,0.0,1.0254707473974962
3575-170457-0052_mixed_white1_nonwhite4_snr-5.wav,-5,True,0.11580038070678711,0.3671355551861702,0.33178872919660685,0.0,0.8669336716334025
2300-131720-0010_mixed_white1_nonwhite4_snr15.wav,15,False,0.07982757687568665,0.12782598174778761,0.06491301456334005,0.1166666666666667,0.22146033691732506
237-134500-0011_mixed_white1_nonwhite4_snr5.wav,5,True,0.10042344033718109,0.1438383556547619,0.07387477554630577,0.0,0.41437274845022903
8230-279154-0022_mixed_white1_nonwhite4_snr-5.wav,-5,True,0.09929122775793076,0.3280113900061881,0.32887088577386353,0.0,1.0398129999637604
8230-279154-0034_mixed_white1_nonwhite4_snr10.wav,10,True,0.04943951964378357,0.25762428586178415,0.1842733745397807,0.18840579710144922,0.2416234371509958
908-31957-0013_mixed_white1_nonwhite4_snr10.wav,10,True,0.055287547409534454,0.25473431459407214,0.19687574098613672,0.3980582524271845,0.6455741056374141
